team,team_tm_major,team_tm_minor,KBO_ID,TM_ID,NAME,POS,BackNum,engName,Birthday,Height,Weight,PitcherThrows,BatterSide,프로필변동,plyer_info_2022,팀변경
-,-,-,-,-,-,-,-,-,-,-,-,-,-,-,-,
KT,KT_WIZ,MIN_KTW,53006,53006,강건,P,106,"Kang, Gun",20040712,183,85,Right,Right,O,X,
KIA,KIA_TIG,MIN_KIA,52659,52659,강병우,P,15,"Kang, Byeong Woo",20031212,182,88,Left,Left,X,,
KIA,KIA_TIG,MIN_KIA,67604,67604,강이준,P,36,"Kang, Yi Jun",19980407,190,86,Right,Right,X,,
KIA,KIA_TIG,MIN_KIA,63628,63628,고영창,P,60,"Koh, Young Chang",19890224,189,100,Right,Right,X,,
KIA,KIA_TIG,MIN_KIA,61353,61353,고종욱,OF,57,"Ko, Jong Wook",19890111,184,83,Right,Left,X,,
KIA,KIA_TIG,MIN_KIA,53609,53609,곽도규,P,9,"Kwak, Do Gyu",20040412,185,90,Left,Left,O,X,
KIA,KIA_TIG,MIN_KIA,76225,76225,김건국,P,29,"Kim, Kun Kuk",19880202,183,86,Right,Right,O,X,
KIA,KIA_TIG,MIN_KIA,66614,66614,김규성,IF,14,"Kim, Kyu Sung",19970308,183,73,Right,Left,X,,
KIA,KIA_TIG,MIN_KIA,69620,69620,김기훈,P,53,"Kim, Ki Hoon",20000103,184,84,Left,Left,X,,
KIA,KIA_TIG,MIN_KIA,60337,60337,김대유,P,69,"Kim, Dae Yu",19910508,187,92,Left,Left,O,,team change
KIA,KIA_TIG,MIN_KIA,52605,52605,김도영,IF,5,"Kim, Do Young",20031002,183,85,Right,Right,X,,
KIA,KIA_TIG,MIN_KIA,53618,53618,김도월,IF,18,"Kim, Do Wol",20040403,188,80,Right,Right,O,X,
KIA,KIA_TIG,MIN_KIA,69627,69627,김민수,OF,4,"Kim, Min Soo",20000405,186,87,Right,Left,X,,
KIA,KIA_TIG,MIN_KIA,67610,67610,김석환,OF,35,"Kim, Seok Hwan",19990228,187,97,Left,Left,X,,
KIA,KIA_TIG,MIN_KIA,78603,78603,김선빈,IF,3,"Kim, Sun Bin",19891218,165,77,Right,Right,X,,
KIA,KIA_TIG,MIN_KIA,51604,51604,김선우,C,42,"Kim, Sun Woo",20010118,178,80,Right,Right,X,,
KIA,KIA_TIG,MIN_KIA,53637,53637,김세일,P,37,"Kim, Sae Il",20030302,188,91,Left,Left,O,X,
KIA,KIA_TIG,MIN_KIA,66492,66492,김승현,P,24,"Kim, Seung Hyun",19920709,180,105,Right,Right,O,,team change
KIA,KIA_TIG,MIN_KIA,50613,50613,김양수,P,8,"Kim, Yang Soo",20010123,184,80,Right,Right,X,,
KIA,KIA_TIG,MIN_KIA,52566,52566,김용완,IF,12,"Kim, Yong Wan",20030502,176,73,Right,Right,O,,team change
KIA,KIA_TIG,MIN_KIA,68659,68659,김유신,P,49,"Kim, Yu Sin",19990614,187,100,Left,Left,X,,
KIA,KIA_TIG,MIN_KIA,64580,64580,김재열,P,32,"Kim, Jae Yeol",19960102,183,97,Right,Right,X,,
KIA,KIA_TIG,MIN_KIA,53619,53619,김재현,IF,19,"Kim, Jae Hyun",20001202,176,81,Right,Left,O,X,
KIA,KIA_TIG,MIN_KIA,63894,63894,김사윤,P,21,"Kim, Sa Yoon",19940608,182,90,Left,Left,X,,
KIA,KIA_TIG,MIN_KIA,53627,53627,김주섭,P,27,"Kim, Ju Sub",19990524,180,93,Right,Right,O,X,
KIA,KIA_TIG,MIN_KIA,52661,52661,김찬민,P,38,"Kim, Chan Min",20030913,184,85,Right,Right,X,,
KIA,KIA_TIG,MIN_KIA,65653,65653,김호령,OF,27,"Kim, Ho Ryung",19920430,178,85,Right,Right,X,,
KIA,KIA_TIG,MIN_KIA,62947,62947,나성범,OF,47,"Na, Sung Bum",19891003,183,100,Left,Left,X,,
KIA,KIA_TIG,MIN_KIA,69630,69630,나용기,P,9,"Na, Yong Gi",19981118,195,105,Right,Right,X,,
KIA,KIA_TIG,MIN_KIA,66660,66660,남하준,P,41,"Nam, Ha Jun",19960913,182,78,Right,Left,X,,
삼성,SAM_LIO,MIN_SAM,62234,62234,류지혁,IF,8,"Ryu, Ji Hyuk",19940113,181,75,Right,Left,X,,team change
KIA,KIA_TIG,MIN_KIA,53645,658431,메디나,P,45,"Medina, Adonis",19961218,185,84,Right,Right,O,X,
KIA,KIA_TIG,MIN_KIA,53629,53629,박일훈,P,29,"Park, Il Hun",20040307,182,82,Right,Right,O,X,
KIA,KIA_TIG,MIN_KIA,67609,67609,박정우,OF,0,"Park, Jeong Woo",19980201,175,68,Left,Left,X,,
KIA,KIA_TIG,MIN_KIA,63638,63638,박준표,P,31,"Park, Jun Pyo",19920626,181,93,Right,Right,X,,
KIA,KIA_TIG,MIN_KIA,64646,64646,박찬호,IF,1,"Park, Chan Ho",19950605,178,72,Right,Right,X,,
KIA,KIA_TIG,MIN_KIA,69727,69727,변우혁,IF,33,"Byun, Woo Hyuk",20000318,185,95,Right,Right,O,,team change
KIA,KIA_TIG,MIN_KIA,52630,593647,소크라테스,OF,30,"Brito, Socrates",19920906,188,93,Left,Left,X,,
KIA,KIA_TIG,MIN_KIA,67606,67606,송후섭,P,11,"Song, Hoo Sub",19970618,190,95,Right,Right,X,,
KIA,KIA_TIG,MIN_KIA,66662,66662,신범수,C,12,"Shin, Beom Soo",19980125,177,83,Right,Left,X,,
KIA,KIA_TIG,MIN_KIA,53664,641312,앤더슨,P,64,"Anderson, Shaun",19941029,193,102,Right,Right,O,X,
KIA,KIA_TIG,MIN_KIA,77637,77637,양현종,P,54,"Yang, Hyeon Jong",19880301,183,91,Left,Left,X,,
KIA,KIA_TIG,MIN_KIA,69636,69636,오선우,IF,56,"Oh, Sun Woo",19961213,186,95,Left,Left,X,,
KIA,KIA_TIG,MIN_KIA,68614,68614,오정환,IF,2,"Oh, Jeong Hwan",19990327,185,75,Right,Left,X,,
KIA,KIA_TIG,MIN_KIA,67640,67640,유승철,P,40,"Yoo, Seung Cheol",19980302,184,87,Right,Switch,X,,
KIA,KIA_TIG,MIN_KIA,50604,50604,유지성,P,4,"You, Ji Sung",20001115,189,94,Left,Left,O,X,
KIA,KIA_TIG,MIN_KIA,52667,52667,윤도현,IF,67,"Yoon, Do Hyun",20030507,181,84,Right,Right,X,,
KIA,KIA_TIG,MIN_KIA,53613,53613,윤영철,P,13,"Yoon, Young Cheol",20040420,187,87,Left,Left,O,X,
KIA,KIA_TIG,MIN_KIA,68619,68619,윤중현,P,19,"Yoon, Joong Hyun",19950425,180,84,Right,Right,X,,
KIA,KIA_TIG,MIN_KIA,53615,53615,이도현,P,15,"Lee, Do Hyun",20050107,188,90,Right,Right,O,X,
KIA,KIA_TIG,MIN_KIA,52647,52647,이성주,C,6,"Lee, Sung Joo",20030328,183,98,Right,Right,X,,
KIA,KIA_TIG,MIN_KIA,53663,53663,이송찬,P,63,"Lee, Song Chan",20040808,187,85,Right,Right,O,X,
KIA,KIA_TIG,MIN_KIA,63260,63260,이우성,OF,25,"Lee, Woo Sung",19940717,182,95,Right,Right,X,,
KIA,KIA_TIG,MIN_KIA,51648,51648,이의리,P,48,"Lee, Eui Lee",20020616,185,90,Left,Left,X,,
KIA,KIA_TIG,MIN_KIA,65665,65665,이준영,P,20,"Lee, Jun Young",19920810,177,85,Left,Left,X,,
KIA,KIA_TIG,MIN_KIA,64560,64560,이창진,OF,66,"Lee, Chang Jin",19910304,173,85,Right,Right,X,,
KIA,KIA_TIG,MIN_KIA,69623,69623,이태규,P,61,"Lee, Tae Gyu",20000221,188,72,Right,Left,O,X,
KIA,KIA_TIG,MIN_KIA,62754,62754,임기영,P,17,"Im, Gi Yeong",19930416,184,86,Right,Right,X,,
KIA,KIA_TIG,MIN_KIA,66833,66833,임석진,IF,28,"Im, Suk Jin",19971010,180,98,Right,Right,X,,
KIA,KIA_TIG,MIN_KIA,63950,63950,장현식,P,50,"Jang, Hyun Sik",19950224,181,91,Right,Right,X,,
KIA,KIA_TIG,MIN_KIA,66609,66609,전상현,P,51,"Jeon, Sang Hyun",19960418,182,84,Right,Right,X,,
KIA,KIA_TIG,MIN_KIA,50662,50662,정해영,P,62,"Jung, Hai Young",20010823,189,98,Right,Right,X,,
KIA,KIA_TIG,MIN_KIA,53659,53659,정해원,IF,59,"Jung, Hae Won",20040521,185,87,Right,Right,O,X,
KIA,KIA_TIG,MIN_KIA,66354,66354,주효상,C,22,"Joo, Hyo Sang",19971111,182,85,Right,Left,O,,team change
KIA,KIA_TIG,MIN_KIA,65464,65464,최정용,IF,23,"Choi, Jeong Yong",19961024,178,75,Right,Left,X,,
KIA,KIA_TIG,MIN_KIA,52639,52639,최지민,P,39,"Choi, Ji Min",20030910,185,100,Left,Left,X,,
KIA,KIA_TIG,MIN_KIA,72443,72443,최형우,OF,34,"Choi, Hyoung Woo",19831216,180,106,Right,Left,X,,
KIA,KIA_TIG,MIN_KIA,52628,52628,한승연,OF,28,"Han, Seung Yeon",20030609,183,90,Right,Right,X,,
KIA,KIA_TIG,MIN_KIA,63722,63722,한승택,C,26,"Han, Seung Taek",19940621,174,83,Right,Right,X,,
KIA,KIA_TIG,MIN_KIA,68646,68646,한준수,C,25,"Han, Jun Su",19990213,184,95,Right,Left,O,X,
KIA,KIA_TIG,MIN_KIA,69643,69643,홍원빈,P,21,"Hong, Won Bin",20001016,195,101,Right,Right,O,X,
KIA,KIA_TIG,MIN_KIA,50600,50600,홍종표,IF,6,"Hong, Jong Pyo",20000502,178,72,Right,Left,O,,team change
KIA,KIA_TIG,MIN_KIA,65610,65610,황대인,IF,52,"Hwang, Dae In",19960210,178,100,Right,Right,X,,
KIA,KIA_TIG,MIN_KIA,52641,52641,황동하,P,10,"Hwang, Dong Ha",20020730,183,96,Right,Right,X,,
KT,KT_WIZ,MIN_KTW,69064,69064,강민성,IF,5,"Kang, Min Sung",19991208,180,85,Right,Right,O,X,
KT,KT_WIZ,MIN_KTW,68050,68050,강백호,IF,50,"Kang, Baek Ho",19990729,184,98,Right,Left,X,,
KT,KT_WIZ,MIN_KTW,50066,50066,강현우,C,55,"Kang, Hyeon Woo",20010413,180,90,Right,Right,O,X,
KT,KT_WIZ,MIN_KTW,68069,68069,고명성,IF,9,"Go, Myeong Seong",19990416,178,68,Right,Right,X,,
KT,KT_WIZ,MIN_KTW,64001,64001,고영표,P,1,"Ko, Young Pyo",19910916,187,88,Right,Right,X,,
KT,KT_WIZ,MIN_KTW,52003,52003,권성준,P,96,"Kwon, Sung Jun",20030309,185,88,Left,Left,X,,
KT,KT_WIZ,MIN_KTW,53049,53049,김건웅,P,49,"Kim, Geon Ung",20040412,187,90,Left,Right,O,X,
KT,KT_WIZ,MIN_KTW,68043,68043,김민,P,11,"Kim, Min",19990414,185,88,Right,Right,X,,
KT,KT_WIZ,MIN_KTW,65048,65048,김민수,P,26,"Kim, Min Su",19920724,188,80,Right,Right,X,,
KT,KT_WIZ,MIN_KTW,64004,64004,김민혁,OF,53,"Kim, Min Hyuck",19951121,181,71,Right,Left,X,,
KT,KT_WIZ,MIN_KTW,52002,52002,김병준,OF,97,"Kim, Byung Jun",20030703,175,80,Right,Left,X,,
KT,KT_WIZ,MIN_KTW,64014,64014,김병희,IF,14,"Kim, Byung Hee",19901206,180,82,Right,Right,X,,
KT,KT_WIZ,MIN_KTW,79402,79402,김상수,IF,7,"Kim, Sang Su",19900323,175,68,Right,Right,O,,team change
KT,KT_WIZ,MIN_KTW,51097,51097,김영현,P,48,"Kim, Young Hyun",20020818,178,81,Right,Right,X,,
KT,KT_WIZ,MIN_KTW,65062,65062,김재윤,P,62,"Kim, Jae Yoon",19900916,185,91,Right,Right,X,,
KT,KT_WIZ,MIN_KTW,53029,53029,김정운,P,29,"Kim, Jeong Woon",20040421,184,84,Right,Right,O,X,
KT,KT_WIZ,MIN_KTW,62558,62558,김준태,C,44,"Kim, Jun Tae",19940731,175,91,Right,Left,X,,
KT,KT_WIZ,MIN_KTW,66064,66064,김태오,P,20,"Kim, Tae O",19970729,183,84,Left,Left,X,,
KT,KT_WIZ,MIN_KTW,53036,53036,류현인,IF,36,"Ryu, Hyun In",20001108,174,80,Right,Left,O,X,
KT,KT_WIZ,MIN_KTW,67063,67063,문상인,C,33,"Moon, Sang In",19980131,185,79,Right,Right,X,,
KT,KT_WIZ,MIN_KTW,50007,50007,문상준,IF,0,"Moon, Sang Jun",20010314,183,80,Right,Right,X,,
KT,KT_WIZ,MIN_KTW,64007,64007,문상철,OF,24,"Moon, Sang Chul",19910406,184,85,Right,Right,X,,
KT,KT_WIZ,MIN_KTW,73113,73113,박경수,IF,6,"Park, Kyung Su",19840331,178,80,Right,Right,X,,
KT,KT_WIZ,MIN_KTW,69056,69056,박민석,IF,98,"Park, Min Seok",20000413,180,77,Right,Right,O,X,
KT,KT_WIZ,MIN_KTW,75125,75125,박병호,IF,52,"Park, Byung Ho",19860710,185,107,Right,Right,X,,
KT,KT_WIZ,MIN_KTW,66556,66556,박선우,P,45,"Park, Sun Woo",19970712,188,91,Right,Right,O,,team change
KT,KT_WIZ,MIN_KTW,66047,66047,박세진,P,47,"Park, Se Jin",19970627,178,93,Left,Left,O,X,
KT,KT_WIZ,MIN_KTW,60559,60559,박시영,P,46,"Park, Si Young",19890310,180,88,Right,Right,X,,
KT,KT_WIZ,MIN_KTW,68068,68068,박시윤,P,67,"Park, Si Yun",19990308,185,90,Left,Left,X,,
KT,KT_WIZ,MIN_KTW,52060,52060,박영현,P,60,"Park, Young Hyun",20031011,183,91,Right,Right,X,,
KT,KT_WIZ,MIN_KTW,68003,68003,박준혁,OF,63,"Park, Joon Hyuk",19990830,184,76,Right,Right,X,,
KT,KT_WIZ,MIN_KTW,64166,64166,배정대,OF,27,"Bae, Jung Dae",19950612,185,80,Right,Right,X,,
KT,KT_WIZ,MIN_KTW,65516,65516,배제성,P,19,"Bae, Je Seong",19960929,189,85,Right,Left,X,,
KT,KT_WIZ,MIN_KTW,68096,68096,백선기,P,35,"Baek, Seon Gi",19980827,186,70,Left,Left,X,,
KT,KT_WIZ,MIN_KTW,53007,53007,백현수,P,107,"Baek, Hyun Soo",20000613,185,87,Right,Right,O,X,
KT,KT_WIZ,MIN_KTW,52043,605138,벤자민,P,43,"Benjamin, Wes",19930726,188,95,Left,Right,X,,
KT,KT_WIZ,MIN_KTW,50094,50094,서경찬,P,99,"Seo, Kyeong Chan",20010308,188,96,Right,Right,X,,
KT,KT_WIZ,MIN_KTW,50030,50030,소형준,P,30,"So, Hyeong Jun",20010916,189,92,Right,Right,X,,
KT,KT_WIZ,MIN_KTW,69041,69041,손동현,P,41,"Son, Dong Hyun",20010123,183,88,Right,Right,O,,team change
KT,KT_WIZ,MIN_KTW,53057,53057,손민석,IF,57,"Son, Min Seok",20040621,177,70,Right,Left,O,X,
KT,KT_WIZ,MIN_KTW,64012,64012,송민섭,OF,12,"Song, Min Sub",19910802,177,80,Right,Right,X,,
KT,KT_WIZ,MIN_KTW,53040,676641,슐서,P,40,"Sulser, Beau",19940505,188,88,Right,Right,O,X,
KT,KT_WIZ,MIN_KTW,68067,68067,신병률,P,15,"Shin, Byung Ryul",19960130,175,83,Right,Right,X,,
KT,KT_WIZ,MIN_KTW,62556,62556,신본기,IF,56,"Shin, Bon Ki",19890321,179,88,Right,Right,X,,
KT,KT_WIZ,MIN_KTW,64017,64017,심재민,P,34,"Shim, Jae Min",19940218,182,92,Left,Right,X,,
KT,KT_WIZ,MIN_KTW,67006,67006,안치영,OF,8,"An, Chi Young",19980529,176,72,Right,Left,X,,
KT,KT_WIZ,MIN_KTW,52009,546990,알포드,OF,25,"Alford, Anthony",19940720,185,95,Right,Right,X,,
KT,KT_WIZ,MIN_KTW,68002,68002,양승혁,IF,2,"Yang, Seung Hyuk",19990929,173,68,Right,Left,X,,
KT,KT_WIZ,MIN_KTW,65056,65056,엄상백,P,18,"Um, Sang Back",19961004,187,72,Right,Right,X,,
KT,KT_WIZ,MIN_KTW,64504,64504,오윤석,IF,4,"Oh, Yoon Suk",19920224,180,87,Right,Right,X,,
KT,KT_WIZ,MIN_KTW,52006,52006,우종휘,P,111,"Woo, Jong Hwi",20031215,187,90,Left,Left,X,,
KT,KT_WIZ,MIN_KTW,68093,68093,윤강찬,P,65,"Yoon, Kang Chan",19980424,185,72,Right,Right,X,,
KT,KT_WIZ,MIN_KTW,53009,53009,이동관,IF,109,"Lee, Dong Kwan",19990810,174,65,Right,Right,O,X,
KT,KT_WIZ,MIN_KTW,52063,52063,이상우,P,21,"Lee, Sang Woo",20031014,190,95,Right,Right,X,,
KT,KT_WIZ,MIN_KTW,60566,60566,이상호,IF,16,"Lee, Sang Ho",19890205,180,82,Right,Right,O,,team change
KT,KT_WIZ,MIN_KTW,69068,69068,이선우,P,68,"Lee, Sun Woo",20000919,186,90,Right,Right,O,X,
KT,KT_WIZ,MIN_KTW,66702,66702,이시원,OF,13,"Lee, Si Won",19960724,178,72,Left,Left,X,,
KT,KT_WIZ,MIN_KTW,67048,67048,이정현,P,51,"Lee, Jung Hyun",19971205,188,93,Right,Right,X,,
KT,KT_WIZ,MIN_KTW,69035,69035,이정훈,P,102,"Lee, Jeong Hun",20000908,183,80,Left,Left,X,,
KT,KT_WIZ,MIN_KTW,67066,67066,이종혁,P,66,"Lee, Jong Hyeok",19970529,190,86,Right,Right,X,,
KT,KT_WIZ,MIN_KTW,53005,53005,이준명,P,105,"Lee, Jun Myung",20021218,193,100,Right,Right,O,X,
KT,KT_WIZ,MIN_KTW,53001,53001,이준희,C,101,"Lee, Jun Hee",20040106,183,85,Right,Right,O,X,
KT,KT_WIZ,MIN_KTW,68896,68896,이채호,P,17,"Lee, Chae Ho",19981123,185,85,Right,Right,X,,
KT,KT_WIZ,MIN_KTW,78548,78548,장성우,C,22,"Jang, Sung Woo",19900117,187,100,Right,Right,X,,
KT,KT_WIZ,MIN_KTW,64115,64115,장준원,IF,3,"Jang, Jun Won",19951121,183,77,Right,Right,X,,
KT,KT_WIZ,MIN_KTW,69047,69047,전용주,P,64,"Jeon, Yong Ju",20000212,188,87,Left,Left,X,,
KT,KT_WIZ,MIN_KTW,53008,53008,정우성,C,108,"Jung, Woo Sung",20020411,183,88,Right,Right,O,X,
KT,KT_WIZ,MIN_KTW,52007,52007,정정우,P,93,"Jung, Jung Woo",20040113,185,83,Right,Switch,X,,
KT,KT_WIZ,MIN_KTW,53058,53058,정준영,OF,58,"Jeong, Jun Young",20040126,173,73,Left,Left,O,X,
KT,KT_WIZ,MIN_KTW,53004,53004,정진호,P,104,"Jung, Jin Ho",20040920,181,79,Right,Right,O,X,
KT,KT_WIZ,MIN_KTW,68089,68089,조대현,C,42,"Cho, Dae Hyun",19990806,183,81,Right,Right,X,,
KT,KT_WIZ,MIN_KTW,67045,67045,조병욱,P,39,"Jo, Byeong Uk",19980608,185,95,Right,Right,X,,
KT,KT_WIZ,MIN_KTW,64868,64868,조용호,OF,23,"Cho, Yong Ho",19890909,170,75,Right,Left,X,,
KT,KT_WIZ,MIN_KTW,64768,64768,조이현,P,54,"Jo, Yi Hyun",19950627,185,95,Right,Left,O,,team change
KT,KT_WIZ,MIN_KTW,64047,64047,조현우,P,59,"Jo, Hyun Woo",19940330,182,79,Left,Left,X,,
KT,KT_WIZ,MIN_KTW,65060,65060,주권,P,38,"Ju, Kwon",19950531,181,82,Right,Right,X,,
KT,KT_WIZ,MIN_KTW,69093,69093,지강혁,IF,94,"Ji, Kang Hyuk",20000814,181,80,Right,Left,X,,
KT,KT_WIZ,MIN_KTW,52008,52008,최동희,OF,61,"Choi, Dong Hee",20030726,184,80,Right,Right,X,,
KT,KT_WIZ,MIN_KTW,51007,51007,최성민,OF,69,"Choi, Seong Min",20020705,179,84,Left,Left,X,,
KT,KT_WIZ,MIN_KTW,53010,53010,최정태,OF,110,"Choi, Jung Tae",19990910,183,93,Right,Right,O,X,
KT,KT_WIZ,MIN_KTW,78517,78517,하준호,P,28,"Ha, Jun Ho",19890429,174,78,Left,Left,X,,
KT,KT_WIZ,MIN_KTW,50096,50096,한지용,C,95,"Han, Ji Yong",20010720,184,90,Right,Left,X,,
KT,KT_WIZ,MIN_KTW,67005,67005,홍현빈,OF,31,"Hong, Hyeon Bin",19970829,174,70,Right,Left,X,,
KT,KT_WIZ,MIN_KTW,53003,53003,황의준,OF,103,"Hwang, Eui Jun",20020406,185,95,Right,Left,O,X,
KT,KT_WIZ,MIN_KTW,76313,76313,황재균,IF,10,"Hwang, Jae Gyun",19870728,183,96,Right,Right,X,,
LG,LG_TWI,MIN_LGT,53103,53103,강민균,IF,117,"Kang, Min Kyun",20000717,178,81,Right,Right,O,X,
LG,LG_TWI,MIN_LGT,51143,51143,강효종,P,59,"Kang, Hyo Jong",20021014,184,86,Right,Right,X,,
LG,LG_TWI,MIN_LGT,67119,67119,고우석,P,19,"Go, Woo Suk",19980806,182,90,Right,Right,X,,
LG,LG_TWI,MIN_LGT,53104,53104,곽민호,IF,116,"Kwak, Min Ho",20041223,184,90,Right,Right,O,X,
LG,LG_TWI,MIN_LGT,53168,53168,권동혁,OF,68,"Kwon, Dong Hyeok",20030320,194,97,Right,Right,O,X,
LG,LG_TWI,MIN_LGT,66112,66112,김기연,C,12,"Kim, Ki Yeon",19970907,178,95,Right,Right,X,,
LG,LG_TWI,MIN_LGT,51109,51109,김단우,P,109,"Kim, Dan Woo",20010105,188,96,Right,Right,X,,
LG,LG_TWI,MIN_LGT,66145,66145,김대현,P,34,"Kim, Dae Hyun",19970308,188,100,Right,Right,O,X,
LG,LG_TWI,MIN_LGT,53164,53164,김동규,P,64,"Kim, Dong Kyu",20040709,195,100,Right,Right,O,X,
LG,LG_TWI,MIN_LGT,77564,77564,김민성,IF,16,"Kim, Min Sung",19881217,181,94,Right,Right,X,,
LG,LG_TWI,MIN_LGT,53144,53144,김범석,C,44,"Kim, Beom Seok",20040521,178,95,Right,Right,O,X,
LG,LG_TWI,MIN_LGT,52105,52105,김성우,C,105,"Kim, Sung Woo",20031115,180,85,Right,Right,X,,
LG,LG_TWI,MIN_LGT,69105,69105,김성진,C,114,"Kim, Sung Jin",20000317,183,100,Right,Right,X,,
LG,LG_TWI,MIN_LGT,67169,67169,김성협,IF,102,"Kim, Seong Hyup",19990129,187,88,Left,Left,X,,
LG,LG_TWI,MIN_LGT,68130,68130,김영준,P,35,"Kim, Young Jun",19990112,185,89,Right,Right,X,,
LG,LG_TWI,MIN_LGT,64596,64596,김유영,P,0,"Kim, Yu Yeong",19940502,180,83,Left,Left,O,,team change
LG,LG_TWI,MIN_LGT,50157,50157,김윤식,P,47,"Kim, Yun Sik",20000403,181,83,Left,Left,X,,
LG,LG_TWI,MIN_LGT,68109,68109,김의준,P,115,"Kim, Eui Jun",19991016,183,80,Right,Right,X,,
LG,LG_TWI,MIN_LGT,66162,66162,김주성,IF,5,"Kim, Ju Sung",19980130,180,81,Right,Right,X,,
LG,LG_TWI,MIN_LGT,52140,52140,김주완,P,40,"Kim, Ju Wan",20030827,189,96,Left,Left,X,,
LG,LG_TWI,MIN_LGT,75867,75867,김진성,P,42,"Kim, Jin Sung",19850307,186,92,Right,Right,X,,
LG,LG_TWI,MIN_LGT,67122,67122,김태형,P,110,"Kim, Tae Hyoung",19980917,190,98,Left,Left,X,,
LG,LG_TWI,MIN_LGT,76290,76290,김현수,OF,22,"Kim, Hyun Soo",19880112,188,100,Right,Left,X,,
LG,LG_TWI,MIN_LGT,69102,69102,문보경,IF,2,"Moon, Bo Gyeong",20000719,182,89,Right,Left,X,,
LG,LG_TWI,MIN_LGT,68119,68119,문성주,OF,8,"Moon, Sung Ju",19970220,175,78,Left,Left,X,,
LG,LG_TWI,MIN_LGT,79365,79365,박동원,C,27,"Park, Dong Won",19900407,178,92,Right,Right,O,,team change
LG,LG_TWI,MIN_LGT,53139,53139,박명근,P,39,"Park, Myung Geun",20040327,174,75,Right,Right,O,X,
LG,LG_TWI,MIN_LGT,62415,62415,박해민,OF,17,"Park, Hae Min",19900224,180,75,Right,Left,X,,
LG,LG_TWI,MIN_LGT,63145,63145,배재준,P,36,"Bae, Jae June",19941124,188,80,Right,Right,X,,
LG,LG_TWI,MIN_LGT,65109,65109,백승현,P,61,"Baek, Seung Hyeon",19950526,183,78,Right,Right,X,,
LG,LG_TWI,MIN_LGT,78168,78168,서건창,IF,14,"Seo, Geon Chang",19890822,176,84,Right,Left,X,,
LG,LG_TWI,MIN_LGT,68159,68159,성동현,P,58,"Sung, Dong Hyun",19990518,189,108,Right,Right,X,,
LG,LG_TWI,MIN_LGT,50109,50109,성재헌,P,125,"Sung, Jae Heon",19971222,175,82,Left,Left,X,,
LG,LG_TWI,MIN_LGT,67143,67143,손주영,P,29,"Son, Ju Young",19981202,191,95,Left,Left,X,,
LG,LG_TWI,MIN_LGT,50150,50150,손호영,IF,24,"Son, Ho Young",19940823,182,88,Right,Right,X,,
LG,LG_TWI,MIN_LGT,53105,53105,송대현,IF,112,"Song, Dae Hyun",20000203,180,82,Right,Right,O,X,
LG,LG_TWI,MIN_LGT,51111,51111,송승기,P,48,"Song, Seung Ki",20020410,181,90,Left,Left,X,,
LG,LG_TWI,MIN_LGT,73801,73801,송은범,P,46,"Song, Eun Beom",19840317,182,93,Right,Right,X,,
LG,LG_TWI,MIN_LGT,68110,68110,송찬의,IF,66,"Song, Chan Eui",19990220,182,77,Right,Right,X,,
LG,LG_TWI,MIN_LGT,65207,65207,신민재,OF,4,"Shin, Min Jae",19960121,171,67,Right,Left,X,,
LG,LG_TWI,MIN_LGT,65115,65115,안익훈,OF,15,"An, Ik Hun",19960212,176,70,Left,Left,X,,
LG,LG_TWI,MIN_LGT,52123,52123,양진혁,P,123,"Yang, Jin Hyuk",20030620,190,90,Right,Right,X,,
LG,LG_TWI,MIN_LGT,52124,52124,엄태경,IF,124,"Um, Tae Kyung",20030503,184,83,Right,Right,X,,
LG,LG_TWI,MIN_LGT,67116,67116,오석주,P,104,"Oh, Seok Joo",19980414,181,74,Right,Right,X,,
LG,LG_TWI,MIN_LGT,53123,621573,오스틴,OF,23,"Dean, Austin",19931014,183,97,Right,Right,O,X,
LG,LG_TWI,MIN_LGT,79109,79109,오지환,IF,10,"Oh, Ji Hwan",19900312,186,80,Right,Left,X,,
LG,LG_TWI,MIN_LGT,53101,53101,원상훈,P,107,"Won, Sang Hoon",20041023,192,95,Left,Left,O,X,
LG,LG_TWI,MIN_LGT,50106,50106,유영찬,P,54,"Yoo, Young Chan",19970307,185,90,Right,Right,X,,
LG,LG_TWI,MIN_LGT,63961,63961,윤호솔,P,28,"Yoon, Ho Sol",19940715,183,99,Right,Right,O,,team change
LG,LG_TWI,MIN_LGT,50126,50126,이민호,P,26,"Lee, Min Ho",20010830,189,93,Right,Right,X,,
LG,LG_TWI,MIN_LGT,65117,65117,이상규,P,101,"Lee, Sang Kyu",19961020,185,77,Right,Right,X,,
LG,LG_TWI,MIN_LGT,61145,61145,이우찬,P,37,"Lee, Woo Chan",19920804,183,88,Left,Left,X,,
LG,LG_TWI,MIN_LGT,68106,68106,이재원,IF,52,"Lee, Jae Won",19990717,192,100,Right,Right,X,,
LG,LG_TWI,MIN_LGT,69134,69134,이정용,P,31,"Yi, Jung Yong",19960326,186,85,Right,Right,X,,
LG,LG_TWI,MIN_LGT,53160,53160,이준서,OF,60,"Lee, Jun Seo",20041118,187,85,Left,Left,O,X,
LG,LG_TWI,MIN_LGT,69108,69108,이지강,P,50,"Lee, Ji Gang",19990702,183,85,Right,Right,X,,
LG,LG_TWI,MIN_LGT,67164,67164,이찬혁,P,100,"Lee, Chan Hyuk",19980819,187,90,Right,Right,X,,
LG,LG_TWI,MIN_LGT,61186,61186,이천웅,OF,32,"Lee, Chun Woong",19881020,182,90,Left,Left,X,,
LG,LG_TWI,MIN_LGT,53106,53106,이철민,IF,113,"Lee, Chul Min",20040222,177,95,Left,Left,O,X,
LG,LG_TWI,MIN_LGT,53100,53100,임정균,P,108,"Im, Jung Kyun",20040510,190,92,Right,Right,O,X,
LG,LG_TWI,MIN_LGT,61891,61891,임정우,P,20,"Lim, Jung Woo",19910402,183,77,Right,Right,X,,
LG,LG_TWI,MIN_LGT,61101,61101,임찬규,P,1,"Im, Chan Kyu",19921120,185,80,Right,Right,X,,
LG,LG_TWI,MIN_LGT,67123,67123,전준호,C,103,"Jeon, Jun Ho",19980701,181,80,Right,Right,X,,
LG,LG_TWI,MIN_LGT,69159,69159,정우영,P,18,"Jung, Woo Young",19990819,193,85,Right,Right,X,,
LG,LG_TWI,MIN_LGT,79150,79150,정주현,IF,7,"Jung, Ju Hyeon",19901013,176,76,Right,Right,X,,
LG,LG_TWI,MIN_LGT,52149,52149,조원태,P,49,"Jo, Won Tae",20030510,186,92,Left,Left,X,,
LG,LG_TWI,MIN_LGT,76650,76650,진해수,P,21,"Jin, Hae Soo",19860626,187,85,Left,Left,X,,
LG,LG_TWI,MIN_LGT,65241,65241,채지선,P,43,"Chae, Ji Seon",19950711,180,70,Right,Left,X,,
LG,LG_TWI,MIN_LGT,79140,79140,최동환,P,13,"Choi, Dong Hwan",19890919,184,83,Right,Right,X,,
LG,LG_TWI,MIN_LGT,65157,65157,최민창,OF,38,"Choi, Min Chang",19960416,179,76,Left,Left,X,,
LG,LG_TWI,MIN_LGT,62146,62146,최성훈,P,56,"Choi, Sung Hoon",19891011,178,75,Left,Left,X,,
LG,LG_TWI,MIN_LGT,68100,68100,최현준,IF,67,"Choi, Hyun Jun",19990405,178,73,Right,Left,X,,
LG,LG_TWI,MIN_LGT,69103,543391,켈리,P,3,"Kelly, Casey",19891004,191,98,Right,Right,X,,
LG,LG_TWI,MIN_LGT,52145,592644,플럿코,P,45,"Plutko, Adam",19911003,190,95,Right,Right,X,,
LG,LG_TWI,MIN_LGT,63248,63248,함덕주,P,11,"Ham, Deok Ju",19950113,181,78,Left,Left,X,,
LG,LG_TWI,MIN_LGT,77243,77243,허도환,C,30,"Hur, Do Hwan",19840731,176,87,Right,Right,X,,
LG,LG_TWI,MIN_LGT,53102,53102,허용주,P,111,"Heo, Yong Ju",20030605,194,88,Right,Right,O,X,
LG,LG_TWI,MIN_LGT,52119,52119,허준혁,P,65,"Heo, Jun Hyuk",19990702,180,85,Right,Right,X,,
LG,LG_TWI,MIN_LGT,66108,66108,홍창기,OF,51,"Hong, Chang Ki",19931121,189,94,Right,Left,X,,
NC,NC_DIN,MIN_NCD,53994,53994,강건준,P,102,"Kang, Gun Jun",20030714,186,84,Right,Right,O,X,
NC,NC_DIN,MIN_NCD,65933,65933,구창모,P,59,"Koo, Chang Mo",19970217,183,85,Left,Left,X,,
NC,NC_DIN,MIN_NCD,65412,65412,권정웅,C,35,"Kwon, Jeong Woong",19921115,180,88,Right,Right,X,,
NC,NC_DIN,MIN_NCD,63963,63963,권희동,OF,36,"Kwon, Hui Dong",19901230,177,85,Right,Right,X,,
NC,NC_DIN,MIN_NCD,52995,52995,김녹원,P,95,"Kim, Nok Won",20030517,182,88,Right,Right,X,,
NC,NC_DIN,MIN_NCD,69980,69980,김범준,OF,100,"Kim, Beom Jun",20000420,183,90,Right,Right,O,X,
NC,NC_DIN,MIN_NCD,62934,62934,김성욱,OF,25,"Kim, Seong Uk",19930501,181,83,Right,Right,O,,team change
NC,NC_DIN,MIN_NCD,67900,67900,김수윤,IF,3,"Kim, Soo Yoon",19980716,180,83,Right,Right,X,,
NC,NC_DIN,MIN_NCD,68928,68928,김시훈,P,21,"Kim, Si Hoon",19990224,188,95,Right,Right,X,,
NC,NC_DIN,MIN_NCD,68900,68900,김영규,P,17,"Kim, Young Kyu",20000210,188,86,Left,Left,X,,
NC,NC_DIN,MIN_NCD,68908,68908,김재균,P,8,"Kim, Jae Kyun",19990117,176,83,Left,Left,X,,
NC,NC_DIN,MIN_NCD,51907,51907,김주원,IF,7,"Kim, Ju Won",20020730,185,83,Right,Switch,X,,
NC,NC_DIN,MIN_NCD,53993,53993,김주환,P,107,"Kim, Ju Hwan",20041029,186,95,Right,Right,O,X,
NC,NC_DIN,MIN_NCD,51904,51904,김준상,IF,4,"Kim, Jun Sang",20020316,179,80,Right,Right,X,,
NC,NC_DIN,MIN_NCD,67954,67954,김진호,P,54,"Kim, Jin Ho",19980607,183,90,Right,Right,X,,
NC,NC_DIN,MIN_NCD,68906,68906,김철호,IF,6,"Kim, Cheol Ho",19980206,182,87,Right,Left,O,X,
NC,NC_DIN,MIN_NCD,67956,67956,김태현,P,15,"Kim, Tae Hyun",19980321,188,95,Left,Left,X,,
NC,NC_DIN,MIN_NCD,53990,53990,김택우,IF,108,"Kim, Taek Woo",20000612,171,75,Right,Left,O,X,
NC,NC_DIN,MIN_NCD,50902,50902,김한별,IF,68,"Kim, Han Byul",20010118,177,85,Right,Right,X,,
NC,NC_DIN,MIN_NCD,68912,68912,김형준,C,47,"Kim, Hyung Jun",19991102,187,98,Right,Right,O,,team change
NC,NC_DIN,MIN_NCD,69996,69996,노시훈,P,63,"Roh, Si Hun",19980804,188,95,Right,Right,X,,
NC,NC_DIN,MIN_NCD,66965,66965,도태훈,IF,16,"Do, Tae Hun",19930318,184,85,Right,Left,X,,
NC,NC_DIN,MIN_NCD,65949,65949,류진욱,P,41,"Ryou, Jin Oug",19961010,189,88,Right,Right,X,,
NC,NC_DIN,MIN_NCD,53955,641829,마틴,OF,55,"Martin, Jason",19950905,175,83,Right,Left,O,X,
NC,NC_DIN,MIN_NCD,53973,53973,목지훈,P,73,"Mok, Ji Hoon",20040511,181,83,Right,Right,O,X,
NC,NC_DIN,MIN_NCD,79215,79215,박건우,OF,37,"Park, Kun Woo",19900908,184,80,Right,Right,X,,
NC,NC_DIN,MIN_NCD,64944,64944,박대온,C,26,"Park, Dae On",19950828,182,85,Right,Right,X,,
NC,NC_DIN,MIN_NCD,62907,62907,박민우,IF,2,"Park, Min Woo",19930206,185,80,Right,Left,X,,
NC,NC_DIN,MIN_NCD,74465,74465,박석민,IF,18,"Park, Sok Min",19850622,178,88,Right,Right,X,,
NC,NC_DIN,MIN_NCD,52980,52980,박성재,C,44,"Park, Sung Jae",20030321,179,85,Right,Right,X,,
NC,NC_DIN,MIN_NCD,62244,62244,박세혁,C,10,"Park, Sei Hyok",19900109,181,86,Right,Left,O,,team change
NC,NC_DIN,MIN_NCD,50906,50906,박영빈,OF,0,"Park, Young Bin",19970716,182,77,Right,Left,O,X,
NC,NC_DIN,MIN_NCD,69900,69900,박주찬,IF,71,"Park, Ju Chan",19960111,178,84,Right,Right,O,X,
NC,NC_DIN,MIN_NCD,53992,53992,박한결,OF,92,"Park, Han Gyeol",20040426,181,90,Right,Right,O,X,
NC,NC_DIN,MIN_NCD,53988,53988,배상호,OF,106,"Bae, Sang Ho",20040312,181,75,Left,Left,O,X,
NC,NC_DIN,MIN_NCD,64995,64995,배재환,P,61,"Bae, Jae Hwan",19950224,186,95,Right,Right,O,,team change
NC,NC_DIN,MIN_NCD,53999,53999,서동욱,P,105,"Seo, Dong Wook",20040226,177,80,Right,Right,O,X,
NC,NC_DIN,MIN_NCD,66068,66068,서의태,P,58,"Seo, Eui Tae",19970905,194,115,Left,Left,X,,
NC,NC_DIN,MIN_NCD,52906,52906,서준교,IF,42,"Seo, Jun Kyo",20030523,181,83,Right,Right,X,,
NC,NC_DIN,MIN_NCD,69995,69995,서호철,IF,5,"Seo, Ho Cheol",19961016,179,85,Right,Right,X,,
NC,NC_DIN,MIN_NCD,77532,77532,손아섭,OF,31,"Son, Ah Seop",19880318,174,84,Right,Left,X,,
NC,NC_DIN,MIN_NCD,69962,69962,송명기,P,11,"Song, Myung Gi",20000809,191,93,Right,Right,X,,
NC,NC_DIN,MIN_NCD,68902,68902,신민혁,P,53,"Shin, Min Hyeok",19990204,184,95,Right,Right,X,,
NC,NC_DIN,MIN_NCD,53989,53989,신성호,IF,103,"Shin, Sung Ho",20030928,178,76,Right,Right,O,X,
NC,NC_DIN,MIN_NCD,53919,53919,신영우,P,19,"Shin, Yeong Woo",20040421,182,84,Right,Right,O,X,
NC,NC_DIN,MIN_NCD,53991,53991,신용석,C,70,"Shin, Yong Seok",20031011,181,91,Right,Right,O,X,
NC,NC_DIN,MIN_NCD,61411,61411,심창민,P,1,"Sim, Chang Min",19930201,185,86,Right,Right,X,,
NC,NC_DIN,MIN_NCD,64022,64022,안중열,C,32,"An, Joong Yeol",19950901,176,87,Right,Right,O,,team change
NC,NC_DIN,MIN_NCD,68904,68904,오영수,IF,34,"Oh, Young Soo",20000130,178,93,Right,Left,X,,
NC,NC_DIN,MIN_NCD,51991,51991,오장한,OF,38,"Oh, Jang Han",20020520,185,90,Right,Left,X,,
NC,NC_DIN,MIN_NCD,51996,51996,오태양,IF,50,"Oh, Tae Yang",20020425,178,67,Right,Right,X,,
NC,NC_DIN,MIN_NCD,53927,642203,와이드너,P,27,"Widener, Taylor",19941024,183,92,Right,Left,O,X,
NC,NC_DIN,MIN_NCD,63905,63905,윤형준,IF,52,"Yoon, Hyeong Jun",19940131,186,97,Right,Right,X,,
NC,NC_DIN,MIN_NCD,62929,62929,이민호,P,29,"Lee, Min Ho",19930811,185,90,Right,Right,X,,
NC,NC_DIN,MIN_NCD,51948,51948,이용준,P,48,"Lee, Yong Jun",20020508,180,95,Right,Right,X,,
NC,NC_DIN,MIN_NCD,77211,77211,이용찬,P,22,"Lee, Yong Chan",19890102,185,85,Right,Right,X,,
NC,NC_DIN,MIN_NCD,65964,65964,이우석,P,45,"Lee, Woo Seok",19960416,185,80,Right,Right,X,,
NC,NC_DIN,MIN_NCD,68901,68901,이인혁,OF,0,"Lee, In Hyuk",19990103,183,89,Left,Left,X,,
NC,NC_DIN,MIN_NCD,60263,60263,이재학,P,51,"Lee, Jae Hak",19901004,181,84,Right,Right,X,,
NC,NC_DIN,MIN_NCD,52901,52901,이주형,P,72,"Lee, Ju Hyung",20021220,195,104,Right,Right,X,,
NC,NC_DIN,MIN_NCD,52992,52992,이준혁,P,67,"Lee, Jun Hyuk",20030630,184,87,Right,Right,X,,
NC,NC_DIN,MIN_NCD,53996,53996,이준호,P,96,"Lee, Jun Ho",20000327,181,85,Right,Right,O,X,
NC,NC_DIN,MIN_NCD,52907,52907,이한,IF,43,"Lee, Han",20030825,181,83,Right,Left,X,,
NC,NC_DIN,MIN_NCD,52905,52905,이현우,P,65,"Lee, Hyun Woo",20030505,183,90,Right,Right,X,,
NC,NC_DIN,MIN_NCD,63959,63959,임정호,P,30,"Lim, Jung Ho",19900416,188,90,Left,Left,X,,
NC,NC_DIN,MIN_NCD,52902,52902,임지민,P,69,"Lim, Ji Min",20031011,185,82,Right,Right,X,,
NC,NC_DIN,MIN_NCD,50900,50900,임형원,P,109,"Lim, Hyoung Won",20010915,183,73,Right,Right,O,X,
NC,NC_DIN,MIN_NCD,69969,69969,전사민,P,57,"Jeon, Sa Min",19990706,194,85,Right,Right,X,,
NC,NC_DIN,MIN_NCD,69204,69204,전창민,P,14,"Jeon, Chang Min",20000609,185,80,Right,Right,O,,team change
NC,NC_DIN,MIN_NCD,50995,50995,정구범,P,56,"Jung, Ku Bum",20000616,183,71,Left,Left,X,,
NC,NC_DIN,MIN_NCD,53995,53995,정주영,P,104,"Jung, Ju Young",20040608,184,97,Left,Left,O,X,
NC,NC_DIN,MIN_NCD,61869,61869,정진기,OF,12,"Jeong, Jin Gi",19921010,185,92,Right,Left,X,,
NC,NC_DIN,MIN_NCD,52903,52903,조민석,P,64,"Jo, Min Seok",19981221,180,81,Right,Right,X,,
NC,NC_DIN,MIN_NCD,51701,51701,조현진,IF,94,"Cho, Hyun Jin",20020910,182,69,Right,Left,O,,team change
NC,NC_DIN,MIN_NCD,67905,67905,천재환,OF,23,"Cheon, Jae Hwan",19940401,181,83,Right,Right,X,,
NC,NC_DIN,MIN_NCD,68909,68909,최보성,IF,49,"Choi, Bo Sung",19981016,181,88,Right,Right,X,,
NC,NC_DIN,MIN_NCD,66920,66920,최성영,P,20,"Choi, Sung Young",19970428,180,85,Left,Left,O,,team change
NC,NC_DIN,MIN_NCD,65905,65905,최승민,OF,9,"Choi, Seung Min",19960701,181,73,Right,Left,X,,
NC,NC_DIN,MIN_NCD,69984,69984,최시혁,P,91,"Choi, Si Hyuk",20000719,190,85,Right,Right,X,,
NC,NC_DIN,MIN_NCD,66963,66963,최우재,OF,24,"Choi, Woo Jae",19970411,186,90,Right,Left,X,,
NC,NC_DIN,MIN_NCD,53913,607200,페디,P,13,"Fedde, Erick",19930225,193,92,Right,Right,O,X,
NC,NC_DIN,MIN_NCD,69991,69991,하준수,P,62,"Ha, Jun Soo",20000507,189,95,Right,Right,X,,
NC,NC_DIN,MIN_NCD,68639,68639,하준영,P,39,"Ha, Jun Young",19990906,182,79,Left,Left,X,,
NC,NC_DIN,MIN_NCD,50911,50911,한건희,P,66,"Han, Gun Hee",20000904,188,105,Right,Right,X,,
NC,NC_DIN,MIN_NCD,64101,64101,한석현,OF,46,"Han, Seok Hyeon",19940517,181,73,Left,Left,O,,team change
NC,NC_DIN,MIN_NCD,51994,51994,한재승,P,60,"Han, Jae Seung",20011121,180,90,Right,Right,X,,
SSG,SSG_LAN,MIN_SSG,52895,52895,강매성,P,23,"Kang, Mae Sung",20030608,187,94,Right,Right,X,,
SSG,SSG_LAN,MIN_SSG,51868,51868,고명준,IF,12,"Ko, Myeong Jun",20020708,185,94,Right,Right,X,,
SSG,SSG_LAN,MIN_SSG,72523,72523,고효준,P,15,"Ko, Hyo Jun",19830208,179,81,Left,Left,X,,
SSG,SSG_LAN,MIN_SSG,71837,71837,김강민,OF,0,"Kim, Kang Min",19820913,182,87,Right,Right,X,,
SSG,SSG_LAN,MIN_SSG,53844,53844,김건웅,IF,44,"Kim, Gun Woong",20000508,186,118,Right,Right,O,X,
SSG,SSG_LAN,MIN_SSG,53803,53803,김건이,C,3,"Kim, Gun Yi",20010515,183,90,Right,Left,O,X,
SSG,SSG_LAN,MIN_SSG,77829,77829,김광현,P,29,"Kim, Kwang Hyun",19880722,188,88,Left,Left,X,,
SSG,SSG_LAN,MIN_SSG,69810,69810,김규남,OF,57,"Kim, Kyu Nam",19950512,183,97,Right,Right,X,,
SSG,SSG_LAN,MIN_SSG,52844,52844,김도현,P,68,"Kim, Do Hyun",20030524,179,89,Right,Right,X,,
SSG,SSG_LAN,MIN_SSG,62864,62864,김민식,C,24,"Kim, Min Sik",19890628,180,80,Right,Left,X,,
SSG,SSG_LAN,MIN_SSG,53893,53893,김민준,IF,93,"Kim, Min Jun",20040320,181,78,Right,Right,O,X,
SSG,SSG_LAN,MIN_SSG,76802,76802,김성현,IF,6,"Kim, Sung Hyun",19870309,172,72,Right,Right,X,,
SSG,SSG_LAN,MIN_SSG,53865,53865,김정민,OF,65,"Kim, Jeong Min",20040307,180,75,Left,Left,O,X,
SSG,SSG_LAN,MIN_SSG,68830,68830,김정우,P,28,"Kim, Jeong Woo",19990515,183,87,Right,Right,X,,
SSG,SSG_LAN,MIN_SSG,65411,65411,김주온,P,11,"Kim, Joo On",19961208,187,89,Right,Right,X,,
SSG,SSG_LAN,MIN_SSG,66859,66859,김주한,P,21,"Kim, Ju Han",19930203,184,93,Right,Right,X,,
SSG,SSG_LAN,MIN_SSG,53805,53805,김준영,P,5,"Kim, Jun Young",20031118,178,83,Right,Right,O,X,
SSG,SSG_LAN,MIN_SSG,52803,52803,김태윤,IF,4,"Kim, Tae Yoon",20030228,170,60,Right,Left,X,,
SSG,SSG_LAN,MIN_SSG,79847,79847,김태훈,P,51,"Kim, Tae Hoon",19900519,176,88,Left,Left,X,,
SSG,SSG_LAN,MIN_SSG,73211,73211,노경은,P,38,"Noh, Kyung Eun",19840311,187,100,Right,Right,X,,
SSG,SSG_LAN,MIN_SSG,53863,544836,로메로,P,63,"Romero, Enny",19910124,190,105,Right,Right,O,X,
SSG,SSG_LAN,MIN_SSG,53806,53806,류현곤,P,6,"Ryu, Hyun Gon",20041110,178,78,Right,Right,O,X,
SSG,SSG_LAN,MIN_SSG,53833,668948,맥카티,P,33,"McCarty, Kirk",19951012,173,83,Left,Left,O,X,
SSG,SSG_LAN,MIN_SSG,62869,62869,문승원,P,42,"Moon, Seung Won",19891128,180,88,Right,Right,X,,
SSG,SSG_LAN,MIN_SSG,64893,64893,박민호,P,41,"Park, Min Ho",19920225,185,95,Right,Right,X,,
SSG,SSG_LAN,MIN_SSG,52864,52864,박상후,P,64,"Park, Sang Hoo",20030805,187,87,Left,Left,X,,
SSG,SSG_LAN,MIN_SSG,67893,67893,박성한,IF,2,"Park, Seong Han",19980330,180,77,Right,Left,X,,
SSG,SSG_LAN,MIN_SSG,53800,53800,박세직,OF,0,"Park, Se Jik",20040730,182,77,Left,Left,O,X,
SSG,SSG_LAN,MIN_SSG,50812,50812,박시후,P,46,"Park, Si Hoo",20010510,182,88,Left,Left,X,,
SSG,SSG_LAN,MIN_SSG,60841,60841,박종훈,P,50,"Park, Jong Hun",19910813,186,90,Right,Right,X,,
SSG,SSG_LAN,MIN_SSG,69839,69839,백승건,P,59,"Baek, Seung Geon",20001029,183,85,Left,Left,X,,
SSG,SSG_LAN,MIN_SSG,64896,64896,서동민,P,18,"Seo, Dong Min",19940307,186,90,Right,Right,X,,
SSG,SSG_LAN,MIN_SSG,69803,69803,서상준,P,61,"Seo, Sang Jun",20000114,193,108,Right,Left,O,X,
SSG,SSG_LAN,MIN_SSG,61895,61895,서진용,P,22,"Seo, Jin Yong",19921002,184,88,Right,Right,X,,
SSG,SSG_LAN,MIN_SSG,53898,53898,송영진,P,98,"Song, Young Jin",20040528,185,90,Right,Switch,O,X,
SSG,SSG_LAN,MIN_SSG,52873,52873,신헌민,P,49,"Shin, Heon Min",20020719,187,88,Right,Right,X,,
SSG,SSG_LAN,MIN_SSG,66864,66864,안상현,IF,10,"An, Sang Hyun",19970127,178,74,Right,Right,X,,
SSG,SSG_LAN,MIN_SSG,53897,53897,안현서,P,97,"An, Hyun Seo",20041016,185,83,Left,Left,O,X,
SSG,SSG_LAN,MIN_SSG,53827,628338,에레디아,OF,27,"Heredia, Guillermo",19910131,178,88,Left,Right,O,X,
SSG,SSG_LAN,MIN_SSG,50859,50859,오원석,P,47,"Oh, Won Seok",20010423,182,80,Left,Left,X,,
SSG,SSG_LAN,MIN_SSG,60558,60558,오태곤,OF,37,"Oh, Tae Gon",19911118,186,88,Right,Right,X,,
SSG,SSG_LAN,MIN_SSG,68801,68801,유호식,P,45,"Yu, Ho Sik",19990511,190,104,Right,Right,X,,
SSG,SSG_LAN,MIN_SSG,52867,52867,윤태현,P,30,"Yoon, Tae Hyun",20031010,189,93,Right,Right,X,,
SSG,SSG_LAN,MIN_SSG,50819,50819,이거연,IF,36,"Lee, Geo Yeon",19970615,186,92,Right,Right,X,,
SSG,SSG_LAN,MIN_SSG,64861,64861,이건욱,P,16,"Lee, Geun Wook",19950213,182,85,Right,Right,X,,
SSG,SSG_LAN,MIN_SSG,52868,52868,이기순,P,39,"Lee, Ki Soon",20030514,174,74,Left,Left,X,,
SSG,SSG_LAN,MIN_SSG,53892,53892,이로운,P,92,"Lee, Ro Un",20040911,185,105,Right,Right,O,X,
SSG,SSG_LAN,MIN_SSG,53809,53809,이승훈,P,9,"Lee, Seung Hoon",20040812,186,81,Right,Right,O,X,
SSG,SSG_LAN,MIN_SSG,67863,67863,이원준,P,66,"Lee, Won Joon",19980702,190,98,Right,Right,X,,
SSG,SSG_LAN,MIN_SSG,76812,76812,이재원,C,20,"Lee, Jae Won",19880224,185,98,Right,Right,X,,
SSG,SSG_LAN,MIN_SSG,67807,67807,이정범,OF,31,"Lee, Jeong Beom",19980410,178,88,Left,Left,X,,
SSG,SSG_LAN,MIN_SSG,65869,65869,이현석,C,25,"Lee, Hyun Seok",19920607,175,90,Right,Right,X,,
SSG,SSG_LAN,MIN_SSG,63440,63440,이흥련,C,55,"Lee, Heung Ryun",19890516,183,91,Right,Right,X,,
SSG,SSG_LAN,MIN_SSG,62611,62611,임준섭,P,48,"Im, Jun Seob",19890716,181,88,Left,Left,O,,team change
SSG,SSG_LAN,MIN_SSG,68869,68869,전경원,C,52,"Jun, Gyeong Won",19990318,184,95,Right,Right,X,,
SSG,SSG_LAN,MIN_SSG,52809,52809,전영준,P,60,"Jeon, Young Jun",20020416,192,110,Right,Right,X,,
SSG,SSG_LAN,MIN_SSG,50820,50820,전의산,IF,56,"Jeon, Ui San",20001125,188,98,Right,Left,X,,
SSG,SSG_LAN,MIN_SSG,69805,69805,전진우,IF,9,"Jeon, Jin Woo",19960404,174,81,Right,Right,X,,
SSG,SSG_LAN,MIN_SSG,66858,66858,정동윤,P,62,"Chung, Dong Yoon",19971022,193,103,Right,Left,X,,
SSG,SSG_LAN,MIN_SSG,65058,65058,정성곤,P,1,"Jung, Sung Gon",19960710,181,80,Left,Left,X,,
SSG,SSG_LAN,MIN_SSG,53808,53808,조강희,P,8,"Cho, Kang Hee",20001204,175,77,Left,Left,O,X,
SSG,SSG_LAN,MIN_SSG,68848,68848,조성훈,P,43,"Cho, Sung Hun",19990322,188,85,Right,Right,X,,
SSG,SSG_LAN,MIN_SSG,51865,51865,조형우,C,32,"Cho, Hyeong Woo",20020404,187,95,Right,Right,X,,
SSG,SSG_LAN,MIN_SSG,69802,69802,최경모,IF,58,"Choi, Kyeung Mo",19960617,168,73,Right,Right,X,,
SSG,SSG_LAN,MIN_SSG,68856,68856,최민준,P,67,"Choi, Min Jun",19990611,178,83,Right,Right,X,,
SSG,SSG_LAN,MIN_SSG,68805,68805,최상민,OF,8,"Choi, Sang Min",19990820,178,75,Left,Left,X,,
SSG,SSG_LAN,MIN_SSG,69893,69893,최수호,P,19,"Choi, Soo Ho",20000719,183,78,Right,Right,X,,
SSG,SSG_LAN,MIN_SSG,52805,52805,최유빈,IF,3,"Choi, Yu Bin",20030505,183,83,Right,Right,X,,
SSG,SSG_LAN,MIN_SSG,75847,75847,최정,IF,14,"Choi, Jeong",19870228,180,90,Right,Right,X,,
SSG,SSG_LAN,MIN_SSG,76267,76267,최주환,IF,53,"Choi, Joo Hwan",19880228,178,73,Right,Left,X,,
SSG,SSG_LAN,MIN_SSG,68868,68868,최준우,IF,7,"Choi, Jun Woo",19990325,176,78,Right,Left,X,,
SSG,SSG_LAN,MIN_SSG,50854,50854,최지훈,OF,54,"Choi, Ji Hoon",19970723,178,82,Right,Left,X,,
SSG,SSG_LAN,MIN_SSG,62884,62884,최항,IF,4,"Choi, Hang",19940103,183,88,Right,Left,X,,
SSG,SSG_LAN,MIN_SSG,51817,425783,추신수,OF,17,"Choo, Shin-Soo",19820713,180,97,Left,Left,X,,
SSG,SSG_LAN,MIN_SSG,69813,69813,하재훈,OF,13,"Ha, Jae Hoon",19901029,182,90,Right,Right,X,,
SSG,SSG_LAN,MIN_SSG,68092,68092,한두솔,P,34,"Han, Doo Sol",19970115,177,86,Left,Left,X,,
SSG,SSG_LAN,MIN_SSG,62895,62895,한유섬,OF,35,"Han, Yoo Seom",19890809,190,105,Right,Left,X,,
SSG,SSG_LAN,MIN_SSG,69801,69801,허민혁,P,40,"Heo, Min Hyeok",19990820,188,90,Right,Right,O,X,
두산,DOO_BEA,MIN_DOO,52207,52207,강산,C,107,"Kang, San",20030808,176,78,Right,Left,X,,
두산,DOO_BEA,MIN_DOO,63123,63123,강승호,IF,23,"Kang, Seung Ho",19940209,178,88,Right,Right,X,,
두산,DOO_BEA,MIN_DOO,62925,62925,강진성,OF,49,"Kang, Jin Sung",19931019,176,89,Right,Right,X,,
두산,DOO_BEA,MIN_DOO,66201,66201,고봉재,P,63,"Go, Bong Jae",19930514,184,84,Right,Right,O,X,
두산,DOO_BEA,MIN_DOO,68220,68220,곽빈,P,47,"Gwak, Been",19990528,187,95,Right,Right,X,,
두산,DOO_BEA,MIN_DOO,68204,68204,권민석,IF,34,"Kwon, Min Seok",19990220,184,74,Right,Right,X,,
두산,DOO_BEA,MIN_DOO,77263,77263,김강률,P,27,"Kim, Kang Ryul",19880828,187,95,Right,Right,X,,
두산,DOO_BEA,MIN_DOO,69238,69238,김대한,OF,37,"Kim, Dae Han",20001206,185,83,Right,Right,X,,
두산,DOO_BEA,MIN_DOO,51230,51230,김동주,P,41,"Kim, Dong Ju",20020214,190,90,Right,Right,X,,
두산,DOO_BEA,MIN_DOO,67246,67246,김명신,P,46,"Kim, Myeong Sin",19931129,178,90,Right,Right,X,,
두산,DOO_BEA,MIN_DOO,53205,53205,김문수,OF,109,"Kim, Moon Soo",20040329,188,94,Right,Left,O,X,
두산,DOO_BEA,MIN_DOO,65269,65269,김민혁,IF,18,"Kim, Min Hyeok",19960503,188,100,Right,Right,X,,
두산,DOO_BEA,MIN_DOO,52211,52211,김시완,OF,106,"Kim, Si Wan",20040128,180,84,Right,Right,X,,
두산,DOO_BEA,MIN_DOO,53262,53262,김유성,P,62,"Kim, Yu Seong",20020101,190,98,Right,Right,O,X,
두산,DOO_BEA,MIN_DOO,63257,63257,김인태,OF,39,"Kim, In Tae",19940703,178,78,Left,Left,X,,
두산,DOO_BEA,MIN_DOO,74206,74206,김재호,IF,52,"Kim, Jae Ho",19850321,181,75,Right,Right,X,,
두산,DOO_BEA,MIN_DOO,78224,78224,김재환,OF,32,"Kim, Jae Hwan",19880922,183,90,Right,Left,X,,
두산,DOO_BEA,MIN_DOO,60181,60181,김지용,P,2,"Kim, Ji Yong",19880220,174,86,Right,Right,X,,
두산,DOO_BEA,MIN_DOO,69207,69207,김태근,OF,92,"Kim, Tae Keun",19960810,175,74,Right,Right,X,,
두산,DOO_BEA,MIN_DOO,68269,68269,김호준,P,56,"Kim, Ho Jun",19980517,180,82,Left,Left,X,,
두산,DOO_BEA,MIN_DOO,53201,53201,남율,P,111,"Nam, Yul",20040408,183,76,Right,Right,O,X,
두산,DOO_BEA,MIN_DOO,53233,668766,딜런,P,33,"Dylan, File",19960604,185,92,Right,Right,O,X,
두산,DOO_BEA,MIN_DOO,53211,670351,로하스,OF,11,"Rojas, Jose",19930224,183,90,Right,Left,O,X,
두산,DOO_BEA,MIN_DOO,67259,67259,문원,P,101,"Moon, Dae Won",19980822,187,91,Right,Right,X,,
두산,DOO_BEA,MIN_DOO,64468,64468,박계범,IF,14,"Park, Gye Beom",19960111,177,84,Right,Right,X,,
두산,DOO_BEA,MIN_DOO,53204,53204,박민준,C,108,"Park, Min Jun",20021021,183,95,Right,Right,O,X,
두산,DOO_BEA,MIN_DOO,51298,51298,박성재,C,115,"Park, Seoung Jae",20021118,186,98,Right,Right,X,,
두산,DOO_BEA,MIN_DOO,63292,63292,박소준,P,100,"Park, So Jun",19950121,177,68,Right,Right,X,,
두산,DOO_BEA,MIN_DOO,68249,68249,박신지,P,66,"Park, Shin Zi",19990716,185,75,Right,Right,X,,
두산,DOO_BEA,MIN_DOO,67202,67202,박유연,C,26,"Park, Yu Yeon",19981220,177,77,Right,Right,X,,
두산,DOO_BEA,MIN_DOO,65639,65639,박정수,P,60,"Park, Jung Soo",19960129,178,74,Right,Left,X,,
두산,DOO_BEA,MIN_DOO,66928,66928,박준영,IF,69,"Park, Jun Young",19970805,180,90,Right,Right,O,,team change
두산,DOO_BEA,MIN_DOO,67266,67266,박치국,P,1,"Park, Chi Guk",19980310,177,78,Right,Right,X,,
두산,DOO_BEA,MIN_DOO,68207,68207,배창현,P,103,"Bae, Chang Hyun",19981209,183,78,Left,Left,O,X,
두산,DOO_BEA,MIN_DOO,53298,53298,백승우,P,98,"Baek, Seung Woo",20000104,183,95,Left,Left,O,X,
두산,DOO_BEA,MIN_DOO,66203,66203,서예일,IF,16,"Seo, Ye Il",19930619,178,83,Right,Right,X,,
두산,DOO_BEA,MIN_DOO,69203,69203,송승환,OF,8,"Song, Seung Hwan",20001028,183,93,Right,Right,X,,
두산,DOO_BEA,MIN_DOO,52294,52294,신민철,IF,94,"Shin, Min Chul",20030113,185,90,Right,Right,X,,
두산,DOO_BEA,MIN_DOO,64086,64086,신성현,IF,5,"Shin, Seong Hyun",19901019,183,92,Right,Right,X,,
두산,DOO_BEA,MIN_DOO,66202,66202,신창희,C,38,"Shin, Chang Hee",19960410,187,96,Right,Right,X,,
두산,DOO_BEA,MIN_DOO,64011,64011,안승한,C,20,"Ahn, Seung Han",19920125,176,98,Right,Right,X,,
두산,DOO_BEA,MIN_DOO,51203,51203,안재석,IF,3,"An, Jae Seok",20020215,185,75,Right,Left,X,,
두산,DOO_BEA,MIN_DOO,69045,593417,알칸타라,P,43,"Alcantara, Raul",19921204,193,100,Right,Right,O,X,
두산,DOO_BEA,MIN_DOO,64153,64153,양석환,IF,53,"Yang, Suk Hwan",19910715,185,90,Right,Right,X,,
두산,DOO_BEA,MIN_DOO,76232,76232,양의지,C,25,"Yang, Eui Ji",19870605,180,85,Right,Right,O,,team change
두산,DOO_BEA,MIN_DOO,50293,50293,양찬열,OF,57,"Yang, Chan Yeol",19970525,179,84,Right,Left,X,,
두산,DOO_BEA,MIN_DOO,53296,53296,윤준호,C,96,"Yun, Jun Ho",20001114,179,90,Right,Right,O,X,
두산,DOO_BEA,MIN_DOO,53202,53202,이기석,P,113,"Lee, Ki Seok",20020607,181,80,Left,Left,O,X,
두산,DOO_BEA,MIN_DOO,52204,52204,이병헌,P,29,"Lee, Byung Heon",20030604,183,95,Left,Left,X,,
두산,DOO_BEA,MIN_DOO,64805,64805,이승진,P,55,"Lee, Seung Jin",19950107,186,86,Right,Right,X,,
두산,DOO_BEA,MIN_DOO,52295,52295,이원재,P,95,"Lee, Won Jae",20030507,187,98,Left,Left,X,,
두산,DOO_BEA,MIN_DOO,67207,67207,이유찬,IF,7,"Lee, Yu Chan",19980805,175,68,Right,Right,X,,
두산,DOO_BEA,MIN_DOO,53203,53203,이정원,P,112,"Lee, Jung Won",19990614,183,82,Right,Right,O,X,
두산,DOO_BEA,MIN_DOO,50262,50262,이주엽,P,110,"Lee, Ju Yeop",20010326,188,90,Right,Right,O,X,
두산,DOO_BEA,MIN_DOO,62951,62951,이형범,P,45,"Lee, Hyeong Beom",19940227,181,80,Right,Right,X,,
두산,DOO_BEA,MIN_DOO,53293,53293,임서준,IF,93,"Im, Seo Jun",20040711,185,85,Right,Left,O,X,
두산,DOO_BEA,MIN_DOO,51204,51204,장빈,P,58,"Jang, Bin",19990710,183,90,Right,Right,X,,
두산,DOO_BEA,MIN_DOO,63202,63202,장승현,C,22,"Jang, Seung Hyun",19940307,184,86,Right,Right,X,,
두산,DOO_BEA,MIN_DOO,53267,53267,장우진,P,67,"Jang, Woo Jin",20040320,188,84,Right,Right,O,X,
두산,DOO_BEA,MIN_DOO,74513,74513,장원준,P,28,"Chang, Won Jun",19850731,184,85,Left,Left,X,,
두산,DOO_BEA,MIN_DOO,68205,68205,전민재,IF,35,"Jeon, Min Jae",19990630,181,73,Right,Right,X,,
두산,DOO_BEA,MIN_DOO,69211,69211,전형근,P,104,"Jeon, Hyeung Geun",20000517,183,80,Right,Right,X,,
두산,DOO_BEA,MIN_DOO,52299,52299,전희범,OF,99,"Jeon, Hee Beom",20030308,184,90,Right,Right,X,,
두산,DOO_BEA,MIN_DOO,79231,79231,정수빈,OF,31,"Jung, Soo Bin",19901007,175,70,Left,Left,X,,
두산,DOO_BEA,MIN_DOO,52203,52203,정유석,P,105,"Jung, Yoo Seok",20020717,185,90,Left,Left,X,,
두산,DOO_BEA,MIN_DOO,64202,64202,정은재,P,102,"Jung, Eun Jae",19911231,192,92,Right,Right,X,,
두산,DOO_BEA,MIN_DOO,68242,68242,정철원,P,65,"Jeong, Cheol Won",19990327,192,95,Right,Right,X,,
두산,DOO_BEA,MIN_DOO,50211,50211,제환유,P,102,"Je, Hwan Yu",20000930,183,76,Right,Left,X,,
두산,DOO_BEA,MIN_DOO,68107,68107,조선명,P,114,"Cho, Sun Myung",19981230,180,92,Right,Right,O,,team change
두산,DOO_BEA,MIN_DOO,66209,66209,조수행,OF,51,"Jo, Soo Haeng",19930830,178,73,Right,Left,X,,
두산,DOO_BEA,MIN_DOO,51264,51264,최승용,P,64,"Choi, Seung Yong",20010511,190,87,Left,Left,X,,
두산,DOO_BEA,MIN_DOO,67263,67263,최원준,P,61,"Choi, Won Joon",19941221,182,91,Right,Right,X,,
두산,DOO_BEA,MIN_DOO,53259,53259,최준호,P,59,"Choi, Jun Ho",20040603,188,90,Right,Right,O,X,
두산,DOO_BEA,MIN_DOO,52206,52206,최지강,P,42,"Choi, Ji Kang",20010723,180,88,Right,Left,X,,
두산,DOO_BEA,MIN_DOO,53297,53297,한충희,P,97,"Han, Chung Hee",20031225,181,90,Right,Right,O,X,
두산,DOO_BEA,MIN_DOO,79240,79240,허경민,IF,13,"Hur, Kyoung Min",19900826,176,69,Right,Right,X,,
두산,DOO_BEA,MIN_DOO,61643,61643,홍건희,P,17,"Hong, Geon Hui",19920929,187,97,Right,Right,X,,
두산,DOO_BEA,MIN_DOO,66233,66233,홍성호,OF,44,"Hong, Seong Ho",19970715,187,98,Right,Left,X,,
롯데,LOT_GIA,MIN_LOT,65514,65514,강태율,C,32,"Kang, Tae Yul",19961101,179,91,Right,Right,X,,
롯데,LOT_GIA,MIN_LOT,69517,69517,고승민,OF,65,"Go, Seung Min",20000811,189,92,Right,Left,X,,
롯데,LOT_GIA,MIN_LOT,63543,63543,구승민,P,22,"Koo, Seung Min",19900612,182,86,Right,Right,X,,
롯데,LOT_GIA,MIN_LOT,65522,65522,김강현,P,19,"Kim, Gang Hyun",19950227,177,84,Right,Left,X,,
롯데,LOT_GIA,MIN_LOT,53540,53540,김기준,P,40,"Kim, Ki Jun",20040416,188,90,Right,Right,O,X,
롯데,LOT_GIA,MIN_LOT,68585,68585,김도규,P,23,"Kim, Do Gyu",19980711,192,118,Right,Right,X,,
롯데,LOT_GIA,MIN_LOT,68589,68589,김동우,P,37,"Kim, Dong Woo",19951001,183,80,Right,Right,X,,
롯데,LOT_GIA,MIN_LOT,53554,53554,김민석,OF,2,"Kim, Min Suk",20040509,185,83,Right,Left,O,X,
롯데,LOT_GIA,MIN_LOT,67504,67504,김민수,IF,5,"Kim, Min Su",19980318,184,97,Right,Right,X,,
롯데,LOT_GIA,MIN_LOT,76430,76430,김상수,P,24,"Kim, Sang Su",19880102,180,88,Right,Right,O,,team change
롯데,LOT_GIA,MIN_LOT,52564,52564,김서진,IF,64,"Kim, Seo Jin",20040205,175,80,Right,Right,X,,
롯데,LOT_GIA,MIN_LOT,52514,52514,김세민,IF,14,"Kim, Se Min",20030614,183,78,Right,Right,X,,
롯데,LOT_GIA,MIN_LOT,62528,62528,김원중,P,34,"Kim, Won Jung",19930614,192,96,Right,Left,X,,
롯데,LOT_GIA,MIN_LOT,65506,65506,김재유,OF,12,"Kim, Jae Yu",19920807,180,82,Right,Left,X,,
롯데,LOT_GIA,MIN_LOT,66749,66749,김주현,IF,50,"Kim, Ju Hyun",19931221,186,110,Left,Left,X,,
롯데,LOT_GIA,MIN_LOT,51516,51516,김진욱,P,15,"Kim, Jin Uk",20020705,185,90,Left,Left,X,,
롯데,LOT_GIA,MIN_LOT,51586,51586,김창훈,P,61,"Kim, Chang Hoon",20011109,185,98,Right,Right,X,,
롯데,LOT_GIA,MIN_LOT,67539,67539,나균안,P,43,"Na, Gyun An",19980316,186,109,Right,Right,X,,
롯데,LOT_GIA,MIN_LOT,67454,67454,나원탁,P,36,"Ra, Won Tak",19940820,183,100,Right,Right,X,,
롯데,LOT_GIA,MIN_LOT,62931,62931,노진혁,IF,52,"No, Jin Hyuk",19890715,184,80,Right,Left,O,,team change
롯데,LOT_GIA,MIN_LOT,52547,676646,렉스,OF,17,"Reks, Zach",19931112,188,86,Right,Left,X,,
롯데,LOT_GIA,MIN_LOT,65643,65643,문경찬,P,38,"Moon, Kyeong Chan",19920708,186,85,Right,Right,X,,
롯데,LOT_GIA,MIN_LOT,52583,52583,민성우,C,0,"Min, Sung Woo",19990310,174,82,Right,Right,X,,
롯데,LOT_GIA,MIN_LOT,53597,53597,박건,OF,97,"Park, Gun",20020425,185,90,Right,Right,O,X,
롯데,LOT_GIA,MIN_LOT,64021,64021,박세웅,P,21,"Park, Se Woong",19951130,182,85,Right,Right,X,,
롯데,LOT_GIA,MIN_LOT,62802,62802,박승욱,IF,53,"Park, Seung Wook",19921204,184,83,Right,Left,X,,
롯데,LOT_GIA,MIN_LOT,69507,69507,박영완,P,67,"Park, Young Wan",20000722,183,85,Right,Left,O,X,
롯데,LOT_GIA,MIN_LOT,69594,69594,박진,P,44,"Park, Jin",19990402,182,106,Right,Right,X,,
롯데,LOT_GIA,MIN_LOT,52528,656212,반즈,P,28,"Barnes, Charlie",19951001,189,91,Left,Left,X,,
롯데,LOT_GIA,MIN_LOT,53587,53587,배영빈,IF,87,"Bae, Young Bin",20000626,178,70,Right,Right,O,X,
롯데,LOT_GIA,MIN_LOT,53598,53598,배인혁,IF,98,"Bae, In Hyuk",20040129,170,70,Right,Left,O,X,
롯데,LOT_GIA,MIN_LOT,53569,53569,서동욱,C,69,"Seo, Dong Wook",20000324,175,88,Right,Right,O,X,
롯데,LOT_GIA,MIN_LOT,69539,69539,서준원,P,39,"Seo, Jun Won",20001105,185,104,Right,Right,X,,
롯데,LOT_GIA,MIN_LOT,53560,53560,석상호,P,60,"Seok, Sang Ho",20000414,182,102,Right,Right,O,X,
롯데,LOT_GIA,MIN_LOT,50558,573185,스트레일리,P,58,"Straily, Dan",19881201,189,100,Right,Right,X,,
롯데,LOT_GIA,MIN_LOT,69508,69508,신윤후,OF,3,"Shin, Yoon Hoo",19960105,177,77,Right,Right,X,,
롯데,LOT_GIA,MIN_LOT,60140,60140,신정락,P,31,"Shin, Jung Rak",19870513,178,78,Right,Right,O,,team change
롯데,LOT_GIA,MIN_LOT,50202,50202,안권수,OF,0,"An, Gweon Su",19930419,175,80,Right,Left,O,,team change
롯데,LOT_GIA,MIN_LOT,79608,79608,안치홍,IF,13,"An, Chi Hong",19900702,178,97,Right,Right,X,,
롯데,LOT_GIA,MIN_LOT,50507,50507,엄태호,OF,100,"Eom, Tae Ho",20010103,186,84,Right,Left,O,X,
롯데,LOT_GIA,MIN_LOT,61102,61102,유강남,C,27,"Yoo, Kang Nam",19920715,182,88,Right,Right,O,,team change
롯데,LOT_GIA,MIN_LOT,52591,52591,윤동희,OF,91,"Yoon, Dong Hee",20030918,187,85,Right,Right,X,,
롯데,LOT_GIA,MIN_LOT,62242,62242,윤명준,P,41,"Yoon, Myung June",19890618,178,78,Right,Right,O,,team change
롯데,LOT_GIA,MIN_LOT,67588,67588,윤성빈,P,51,"Yoon, Seong Pin",19990226,197,90,Right,Right,X,,
롯데,LOT_GIA,MIN_LOT,53505,53505,윤수녕,OF,103,"Yoon, Soo Nyeong",20000301,173,73,Right,Left,O,X,
롯데,LOT_GIA,MIN_LOT,52530,52530,이민석,P,30,"Lee, Min Seok",20031210,189,95,Right,Right,X,,
롯데,LOT_GIA,MIN_LOT,64565,64565,이인복,P,35,"Lee, In Bok",19910618,187,97,Right,Right,X,,
롯데,LOT_GIA,MIN_LOT,50110,50110,이정우,OF,57,"Lee, Jung Woo",20010228,182,84,Right,Right,O,X,
롯데,LOT_GIA,MIN_LOT,67644,67644,이정훈,C,48,"Lee, Jeong Hun",19941207,185,90,Right,Left,O,,team change
롯데,LOT_GIA,MIN_LOT,53562,53562,이진하,P,62,"Lee, Jin Ha",20040602,191,96,Right,Right,O,X,
롯데,LOT_GIA,MIN_LOT,53594,53594,이태연,P,94,"Lee, Tae Youn",20040221,180,80,Left,Left,O,X,
롯데,LOT_GIA,MIN_LOT,69453,69453,이학주,IF,7,"Lee, Hak Ju",19901104,187,87,Right,Left,X,,
롯데,LOT_GIA,MIN_LOT,68504,68504,이호연,IF,4,"Lee, Ho Yeon",19950603,177,87,Right,Left,X,,
롯데,LOT_GIA,MIN_LOT,68507,68507,장두성,OF,49,"Jang, Du Seong",19990916,176,75,Right,Left,X,,
롯데,LOT_GIA,MIN_LOT,53596,53596,장세진,P,96,"Jang, Se Jin",20041230,179,80,Left,Left,O,X,
롯데,LOT_GIA,MIN_LOT,78513,78513,전준우,IF,8,"Jeon, Jun Woo",19860225,184,98,Right,Right,X,,
롯데,LOT_GIA,MIN_LOT,53568,53568,정대선,IF,68,"Jung, Dae Sun",20041116,185,85,Right,Right,O,X,
롯데,LOT_GIA,MIN_LOT,51580,51580,정대혁,P,55,"Jung, Dae Hyuk",19990626,186,90,Right,Right,X,,
롯데,LOT_GIA,MIN_LOT,68518,68518,정보근,C,42,"Jeong, Bo Keun",19990831,175,94,Right,Right,X,,
롯데,LOT_GIA,MIN_LOT,68556,68556,정성종,P,56,"Jung, Sung Jong",19951116,181,93,Right,Left,X,,
롯데,LOT_GIA,MIN_LOT,53559,53559,정재환,C,59,"Jung, Jae Hwan",20040414,185,94,Right,Right,O,X,
롯데,LOT_GIA,MIN_LOT,62595,62595,정태승,P,95,"Jung, Tae Seung",19880317,178,96,Left,Left,O,X,
롯데,LOT_GIA,MIN_LOT,60523,60523,정훈,IF,9,"Jung, Hoon",19870718,180,85,Right,Right,X,,
롯데,LOT_GIA,MIN_LOT,53504,53504,조경민,P,102,"Jo, Kyung Min",20040917,179,78,Right,Right,O,X,
롯데,LOT_GIA,MIN_LOT,52516,52516,조세진,OF,63,"Jo, Se Jin",20031121,181,86,Right,Right,X,,
롯데,LOT_GIA,MIN_LOT,53584,53584,조준혁,P,84,"Cho, Jun Hyuk",19990512,178,82,Left,Left,O,X,
롯데,LOT_GIA,MIN_LOT,64717,64717,지시완,C,66,"Ji, Si Wan",19940410,181,105,Right,Right,X,,
롯데,LOT_GIA,MIN_LOT,52558,52558,진승현,P,26,"Jin, Seung Hyun",20030905,184,108,Right,Left,X,,
롯데,LOT_GIA,MIN_LOT,76455,76455,차우찬,P,47,"Cha, Woo Chan",19870531,185,80,Left,Left,O,,team change
롯데,LOT_GIA,MIN_LOT,63895,63895,최민재,OF,46,"Choi, Min Jae",19940108,179,85,Right,Left,X,,
롯데,LOT_GIA,MIN_LOT,64718,64718,최영환,P,45,"Choi, Yeong Hwan",19920220,179,93,Right,Right,X,,
롯데,LOT_GIA,MIN_LOT,68036,68036,최이준,P,33,"Choi, E Jun",19990410,182,90,Right,Right,X,,
롯데,LOT_GIA,MIN_LOT,50556,50556,최준용,P,18,"Choi, Jun Yong",20011010,185,85,Right,Right,X,,
롯데,LOT_GIA,MIN_LOT,68525,68525,한동희,IF,25,"Han, Dong Hui",19990601,182,108,Right,Right,X,,
롯데,LOT_GIA,MIN_LOT,52568,52568,한태양,IF,6,"Han, Tae Yang",20030915,181,76,Right,Right,X,,
롯데,LOT_GIA,MIN_LOT,62363,62363,한현희,P,16,"Han, Hyun Hee",19930625,182,98,Right,Right,O,,team change
롯데,LOT_GIA,MIN_LOT,68260,68260,현도훈,P,101,"Hyun, Do Hoon",19930113,188,95,Right,Left,O,,team change
롯데,LOT_GIA,MIN_LOT,50500,50500,황성빈,OF,1,"Hwang, Seong Bin",19971219,172,76,Right,Left,X,,
삼성,SAM_LIO,MIN_SAM,74540,74540,강민호,C,47,"Kang, Min Ho",19850818,185,100,Right,Right,X,,
삼성,SAM_LIO,MIN_SAM,53460,53460,강준서,IF,60,"Kang, Jun Seo",20001013,183,85,Right,Right,O,X,
삼성,SAM_LIO,MIN_SAM,64610,64610,강한울,IF,6,"Kang, Han Wool",19910912,181,66,Right,Left,X,,
삼성,SAM_LIO,MIN_SAM,68407,68407,공민규,IF,9,"Kong, Min Gyu",19990927,183,85,Right,Left,X,,
삼성,SAM_LIO,MIN_SAM,62404,62404,구자욱,OF,5,"Koo, Ja Wook",19930212,189,75,Right,Left,X,,
삼성,SAM_LIO,MIN_SAM,61365,61365,김대우,P,17,"Kim, Dae Woo",19881121,183,85,Right,Right,X,,
삼성,SAM_LIO,MIN_SAM,66838,66838,김동엽,OF,38,"Kim, Dong Yub",19900724,186,101,Right,Right,X,,
삼성,SAM_LIO,MIN_SAM,51403,51403,김동진,IF,3,"Kim, Dong Jin",19961218,184,84,Right,Left,X,,
삼성,SAM_LIO,MIN_SAM,64793,64793,김민수,C,12,"Kim, Min Su",19910302,177,80,Right,Right,X,,
삼성,SAM_LIO,MIN_SAM,53421,53421,김민호,IF,121,"Kim, Min Ho",20031228,185,93,Right,Right,O,X,
삼성,SAM_LIO,MIN_SAM,52402,52402,김상민,OF,102,"Kim, Sang Min",20031206,183,83,Right,Left,X,,
삼성,SAM_LIO,MIN_SAM,52460,52460,김서준,P,53,"Kim, Seo Jun",20030901,183,78,Right,Right,X,,
삼성,SAM_LIO,MIN_SAM,67449,67449,김성윤,OF,39,"Kim, Seong Yoon",19990202,163,62,Left,Left,X,,
삼성,SAM_LIO,MIN_SAM,53464,53464,김시온,P,64,"Kim, Si On",20031030,189,89,Left,Left,O,X,
삼성,SAM_LIO,MIN_SAM,67467,67467,김시현,P,100,"Kim, Si Hyun",19980926,181,89,Right,Right,O,X,
삼성,SAM_LIO,MIN_SAM,52430,52430,김영웅,IF,30,"Kim, Young Woong",20030824,183,81,Right,Left,X,,
삼성,SAM_LIO,MIN_SAM,68453,68453,김용하,P,0,"Kim, Yong Ha",19990727,185,85,Right,Right,O,X,
삼성,SAM_LIO,MIN_SAM,53400,53400,김재상,IF,0,"Kim, Jae Sang",20040726,180,81,Right,Left,O,X,
삼성,SAM_LIO,MIN_SAM,65132,65132,김재성,C,48,"Kim, Jae Seong",19961030,185,85,Right,Left,X,,
삼성,SAM_LIO,MIN_SAM,50458,50458,김지찬,IF,58,"Kim, Ji Chan",20010308,163,64,Right,Left,X,,
KIA,KIA_TIG,MIN_KIA,78122,78122,김태군,C,42,"Kim, Tae Gun",19891230,182,92,Right,Right,X,,team change
삼성,SAM_LIO,MIN_SAM,68454,68454,김태우,P,113,"Kim, Tae Woo",19990915,193,92,Right,Right,X,,
삼성,SAM_LIO,MIN_SAM,65040,65040,김태훈,OF,24,"Kim, Tae Hoon",19960331,177,78,Right,Left,O,,team change
삼성,SAM_LIO,MIN_SAM,61404,61404,김헌곤,OF,34,"Kim, Hun Gon",19881109,174,81,Right,Right,X,,
삼성,SAM_LIO,MIN_SAM,51417,51417,김현준,OF,41,"Kim, Hyeon Joon",20021011,178,78,Left,Left,X,,
삼성,SAM_LIO,MIN_SAM,64407,64407,김호재,IF,8,"Kim, Ho Jae",19950531,178,72,Right,Right,X,,
삼성,SAM_LIO,MIN_SAM,62920,62920,노건우,P,37,"No, Kun Woo",19891022,182,100,Left,Left,X,,
삼성,SAM_LIO,MIN_SAM,53404,53404,류승민,OF,104,"Ryu, Seung Min",20041011,185,90,Left,Left,O,X,
삼성,SAM_LIO,MIN_SAM,68409,68409,맹성주,P,106,"Maeng, Sung Ju",19990907,183,80,Right,Right,O,X,
삼성,SAM_LIO,MIN_SAM,67419,67419,문용익,P,43,"Mon, Yong Ik",19950204,178,93,Right,Right,X,,
삼성,SAM_LIO,MIN_SAM,53469,53469,박권후,P,69,"Park, Kwon Hoo",20040528,184,80,Right,Right,O,X,
삼성,SAM_LIO,MIN_SAM,65844,65844,박세웅,P,50,"Park, Se Wong",19960510,180,87,Left,Left,X,,
삼성,SAM_LIO,MIN_SAM,53409,53409,박시원,P,109,"Park, Si Won",20040316,187,96,Right,Right,O,X,
삼성,SAM_LIO,MIN_SAM,68406,68406,박용민,P,101,"Park, Yong Min",19990320,193,100,Right,Right,O,X,
삼성,SAM_LIO,MIN_SAM,53416,53416,박장민,IF,116,"Park, Jang Min",20030902,179,80,Right,Right,O,X,
삼성,SAM_LIO,MIN_SAM,50411,50411,박주혁,P,68,"Park, Ju Hyeok",20010518,182,82,Right,Right,X,,
삼성,SAM_LIO,MIN_SAM,53411,53411,박진우,C,111,"Park, Jin Woo",20031014,176,87,Right,Right,O,X,
삼성,SAM_LIO,MIN_SAM,77446,77446,백정현,P,29,"Baek, Jung Hyun",19870713,184,80,Left,Left,X,,
삼성,SAM_LIO,MIN_SAM,50404,571527,뷰캐넌,P,4,"Buchanan, David",19890511,190,90,Right,Right,X,,
삼성,SAM_LIO,MIN_SAM,68468,68468,서주원,C,120,"Seo, Ju Won",19990131,173,85,Right,Right,X,,
삼성,SAM_LIO,MIN_SAM,53428,53428,서현원,P,28,"Seo, Hyun Won",20040228,187,78,Right,Right,O,X,
삼성,SAM_LIO,MIN_SAM,64469,64469,송준석,OF,52,"Song, Jun Suk",19940504,176,78,Left,Left,X,,
삼성,SAM_LIO,MIN_SAM,52457,544150,수아레즈,P,57,"Suarez, Albert",19891008,190,120,Right,Right,X,,
삼성,SAM_LIO,MIN_SAM,53415,53415,신윤호,P,15,"Shin, Yun Ho",20040908,183,85,Right,Right,O,X,
삼성,SAM_LIO,MIN_SAM,52440,52440,신정환,P,40,"Shin, Jung Hwan",20030428,188,83,Right,Right,X,,
삼성,SAM_LIO,MIN_SAM,66406,66406,안주형,IF,14,"An, Ju Hyeong",19930814,176,68,Right,Left,X,,
삼성,SAM_LIO,MIN_SAM,69403,69403,양우현,IF,105,"Yang, Woo Hyun",20000413,175,82,Right,Left,O,X,
삼성,SAM_LIO,MIN_SAM,68415,68415,양창섭,P,1,"Yang, Chang Seop",19990922,182,85,Right,Right,X,,
삼성,SAM_LIO,MIN_SAM,75421,75421,오승환,P,21,"Oh, Seung Hwan",19820715,178,93,Right,Right,X,,
삼성,SAM_LIO,MIN_SAM,75334,75334,오재일,IF,44,"Oh, Jae Il",19861029,187,95,Left,Left,X,,
삼성,SAM_LIO,MIN_SAM,51466,51466,오현석,IF,103,"Oh, Hyeon Seok",20010305,183,99,Right,Left,O,X,
삼성,SAM_LIO,MIN_SAM,73117,73117,우규민,P,2,"Woo, Kyu Min",19850121,184,75,Right,Right,X,,
삼성,SAM_LIO,MIN_SAM,69446,69446,원태인,P,18,"Won, Tae In",20000406,183,92,Right,Right,X,,
삼성,SAM_LIO,MIN_SAM,68463,68463,윤정빈,OF,31,"Yoon, Jeong Bin",19990624,182,93,Right,Left,X,,
삼성,SAM_LIO,MIN_SAM,52407,52407,윤정훈,IF,107,"Yoon, Jung Hoon",20030706,182,80,Right,Left,X,,
삼성,SAM_LIO,MIN_SAM,69428,69428,이병헌,C,23,"Lee, Byung Heon",19991026,180,87,Right,Right,X,,
삼성,SAM_LIO,MIN_SAM,63960,63960,이상민,P,59,"Lee, Sang Min",19901104,180,85,Left,Left,X,,
삼성,SAM_LIO,MIN_SAM,66409,66409,이성규,IF,13,"Lee, Sung Gyu",19930803,178,82,Right,Right,X,,
삼성,SAM_LIO,MIN_SAM,51454,51454,이승현,P,54,"Lee, Seung Hyun",20020519,183,102,Left,Left,X,,
삼성,SAM_LIO,MIN_SAM,60146,60146,이승현,P,20,"Lee, Seung Hyun",19911120,181,92,Right,Right,X,,
삼성,SAM_LIO,MIN_SAM,75566,75566,이원석,IF,16,"Lee, Won Seok",19861021,182,82,Right,Right,X,,
삼성,SAM_LIO,MIN_SAM,63492,63492,이재익,P,45,"Lee, Jae Ik",19940318,180,76,Left,Left,X,,
삼성,SAM_LIO,MIN_SAM,52415,52415,이재현,IF,7,"Lee, Jae Hyun",20030204,180,82,Right,Right,X,,
삼성,SAM_LIO,MIN_SAM,51460,51460,이재희,P,46,"Lee, Jae Hee",20011011,187,88,Right,Left,X,,
삼성,SAM_LIO,MIN_SAM,68466,68466,이태훈,IF,35,"Lee, Tae Hun",19950403,183,95,Right,Right,X,,
삼성,SAM_LIO,MIN_SAM,69416,69416,이해승,IF,67,"Lee, Hae Seung",20000801,180,86,Right,Right,X,,
삼성,SAM_LIO,MIN_SAM,53455,53455,이호성,P,55,"Lee, Ho Sung",20040814,184,87,Right,Right,O,X,
삼성,SAM_LIO,MIN_SAM,52417,52417,장재혁,P,117,"Jang, Jae Hyuk",20020816,177,79,Right,Right,X,,
삼성,SAM_LIO,MIN_SAM,77927,77927,장필준,P,26,"Jang, Pill Joon",19880408,190,90,Right,Right,X,,
삼성,SAM_LIO,MIN_SAM,50414,50414,정진수,C,112,"Jeong, Jin Su",19970925,177,93,Right,Left,X,,
삼성,SAM_LIO,MIN_SAM,52405,52405,조민성,IF,32,"Cho, Min Sung",20031002,181,88,Right,Right,X,,
삼성,SAM_LIO,MIN_SAM,66451,66451,최충연,P,51,"Choi, Chung Yeon",19970305,190,85,Right,Right,X,,
삼성,SAM_LIO,MIN_SAM,68501,68501,최하늘,P,19,"Choi, Ha Neul",19990326,190,99,Right,Right,X,,
삼성,SAM_LIO,MIN_SAM,51463,517369,피렐라,OF,63,"Pirela, Jose",19891121,183,99,Right,Right,X,,
삼성,SAM_LIO,MIN_SAM,50449,50449,허윤동,P,49,"Heo, Yun Dong",20010619,181,90,Left,Left,X,,
삼성,SAM_LIO,MIN_SAM,51462,51462,홍무원,P,62,"Hong, Moo Won",20020111,188,92,Right,Right,X,,
삼성,SAM_LIO,MIN_SAM,51408,51408,홍승원,P,108,"Hong, Seung Won",20011206,185,93,Right,Right,X,,
삼성,SAM_LIO,MIN_SAM,65496,65496,홍정우,P,11,"Hong, Joung Woo",19960316,182,85,Right,Right,X,,
삼성,SAM_LIO,MIN_SAM,50441,50441,황동재,P,61,"Hwang, Dong Jae",20011103,191,97,Right,Right,X,,
키움,KIW_HER,MIN_HER,53312,53312,김건희,P,12,"Kim, Gun Hee",20041107,185,96,Right,Right,O,X,
키움,KIW_HER,MIN_HER,50393,50393,김동욱,P,65,"Kim, Dong Uk",19970516,178,83,Right,Right,X,,
키움,KIW_HER,MIN_HER,53344,53344,김동헌,C,44,"Kim, Dong Heon",20040715,182,91,Right,Right,O,X,
키움,KIW_HER,MIN_HER,50360,50360,김동혁,P,60,"Kim, Dong Hyeok",20011227,185,84,Right,Right,X,,
키움,KIW_HER,MIN_HER,52398,52398,김리안,C,37,"Kim, Ri Ahn",20031125,183,87,Right,Right,X,,
키움,KIW_HER,MIN_HER,66018,66018,김선기,P,49,"Kim, Seon Gi",19910901,186,98,Right,Right,X,,
키움,KIW_HER,MIN_HER,51301,51301,김성진,P,34,"Kim, Seong Jin",19971114,183,77,Right,Left,X,,
키움,KIW_HER,MIN_HER,68346,68346,김수환,IF,31,"Kim, Su Hwan",19980320,180,91,Right,Right,X,,
키움,KIW_HER,MIN_HER,51303,51303,김시앙,C,26,"Kim, Si Ang",20011031,177,79,Right,Right,X,,
키움,KIW_HER,MIN_HER,69393,69393,김신회,OF,98,"Kim, Shin Hoe",19990714,177,75,Left,Left,O,X,
키움,KIW_HER,MIN_HER,65898,65898,김웅빈,IF,1,"Kim, Woong Bin",19960209,182,97,Right,Left,X,,
키움,KIW_HER,MIN_HER,67391,67391,김재웅,P,28,"Kim, Jae Woong",19981022,174,86,Left,Left,X,,
키움,KIW_HER,MIN_HER,62332,62332,김재현,C,32,"Kim, Jae Hyun",19930318,178,90,Right,Right,X,,
키움,KIW_HER,MIN_HER,65392,65392,김정인,P,19,"Kim, Jeong In",19960603,184,80,Right,Right,X,,
키움,KIW_HER,MIN_HER,69306,69306,김주형,IF,6,"Kim, Ju Hyung",19960305,176,84,Right,Right,X,,
키움,KIW_HER,MIN_HER,63920,63920,김준완,OF,10,"Kim, Jun Wan",19910120,174,73,Right,Left,X,,
키움,KIW_HER,MIN_HER,51393,51393,김준형,P,93,"Kim, Joon Hyoung",20020712,182,91,Right,Right,X,,
키움,KIW_HER,MIN_HER,64984,64984,김태진,IF,2,"Kim, Tae Jin",19951007,170,73,Right,Left,X,,
키움,KIW_HER,MIN_HER,62360,62360,김태훈,P,17,"Kim, Tae Hoon",19920302,187,101,Right,Right,X,,
키움,KIW_HER,MIN_HER,67304,67304,김혜성,IF,3,"Kim, Hye Seong",19990127,180,80,Right,Left,X,,
키움,KIW_HER,MIN_HER,51344,51344,김휘집,IF,33,"Kim, Whee Jip",20020101,181,92,Right,Right,X,,
키움,KIW_HER,MIN_HER,52394,52394,노운현,P,94,"No, Woon Hyun",20030622,186,76,Right,Right,X,,
키움,KIW_HER,MIN_HER,50350,608365,러셀,IF,27,"Russell, Addison",19940123,183,90,Right,Right,O,X,
키움,KIW_HER,MIN_HER,60336,60336,문성현,P,21,"Moon, Sung Hyun",19911109,180,89,Right,Right,X,,
키움,KIW_HER,MIN_HER,53305,53305,박성빈,C,5,"Park, Sung Bin",20040421,178,94,Right,Right,O,X,
키움,KIW_HER,MIN_HER,52305,52305,박수종,OF,14,"Park, Soo Jong",19990225,179,82,Right,Right,X,,
키움,KIW_HER,MIN_HER,66305,66305,박승주,P,42,"Park, Seung Joo",19940212,181,96,Right,Right,X,,
키움,KIW_HER,MIN_HER,53301,53301,박윤성,P,1,"Park, Yoon Sung",20040208,183,96,Right,Right,O,X,
키움,KIW_HER,MIN_HER,69328,69328,박주성,P,101,"Park, Ju Seong",20001109,181,90,Right,Right,X,,
키움,KIW_HER,MIN_HER,65348,65348,박주현,P,68,"Park, Ju Hyun",19960619,184,112,Right,Right,X,,
키움,KIW_HER,MIN_HER,50357,50357,박주홍,OF,57,"Park, Ju Hong",20010416,187,87,Left,Left,X,,
키움,KIW_HER,MIN_HER,64657,64657,박준태,OF,23,"Park, Jun Tae",19910726,182,88,Right,Left,X,,
키움,KIW_HER,MIN_HER,52348,52348,박찬혁,OF,48,"Park, Chan Hyuk",20030425,180,87,Right,Right,X,,
키움,KIW_HER,MIN_HER,52392,52392,백진수,P,92,"Baek, Jin Soo",20030215,191,97,Right,Right,X,,
키움,KIW_HER,MIN_HER,62263,62263,변시원,P,66,"Byeon, Si Won",19930401,178,87,Right,Right,O,X,
키움,KIW_HER,MIN_HER,53307,53307,변헌성,C,7,"Byun, Heon Sung",20040518,181,91,Right,Right,O,X,
키움,KIW_HER,MIN_HER,53309,53309,서유신,IF,9,"Seo, Yu Sin",20000817,176,76,Right,Right,O,X,
키움,KIW_HER,MIN_HER,65357,65357,송성문,IF,24,"Song, Sung Mun",19960829,183,88,Right,Left,X,,
키움,KIW_HER,MIN_HER,53303,53303,송재선,OF,3,"Song, Jae Sun",20000630,177,73,Right,Right,O,X,
키움,KIW_HER,MIN_HER,52391,52391,송정인,P,59,"Song, Jung In",20030505,187,84,Right,Right,X,,
키움,KIW_HER,MIN_HER,50312,50312,신준우,IF,5,"Sin, Jun Woo",20010621,176,80,Right,Right,X,,
키움,KIW_HER,MIN_HER,53308,53308,안겸,C,8,"An, Kyum",20040615,181,83,Right,Right,O,X,
키움,KIW_HER,MIN_HER,68341,68341,안우진,P,41,"An, Woo Jin",19990830,192,90,Right,Right,X,,
키움,KIW_HER,MIN_HER,51305,51305,양경식,IF,38,"Yang, Kyung Sik",20010203,171,66,Right,Left,X,,
키움,KIW_HER,MIN_HER,67365,67365,양지율,P,55,"Yang, Ji Yul",19981216,184,103,Right,Right,X,,
키움,KIW_HER,MIN_HER,61268,61268,양현,P,39,"Yang, Hyun",19920823,189,104,Right,Right,X,,
키움,KIW_HER,MIN_HER,68330,68330,예진원,OF,53,"Ye, Jin Won",19990316,174,82,Left,Left,X,,
키움,KIW_HER,MIN_HER,53300,53300,오상원,P,0,"Oh, Sang Won",20040721,184,82,Right,Right,O,X,
키움,KIW_HER,MIN_HER,67360,67360,오윤성,P,40,"Oh, Yoon Sung",19981210,183,80,Right,Right,X,,
키움,KIW_HER,MIN_HER,69343,518852,요키시,P,43,"Jokisch, Eric",19890729,188,93,Left,Right,X,,
키움,KIW_HER,MIN_HER,53304,53304,우승원,IF,4,"Woo, Seung Won",20040608,178,77,Right,Right,O,X,
키움,KIW_HER,MIN_HER,76118,76118,원종현,P,46,"Won, Jong Hyan",19870731,182,88,Right,Right,O,,team change
키움,KIW_HER,MIN_HER,52395,52395,윤석원,P,95,"Yoon, Seok Won",20030704,184,81,Left,Left,X,,
키움,KIW_HER,MIN_HER,69399,69399,윤정현,P,99,"Yoon, Jung Hyun",19930517,186,100,Left,Left,X,,
키움,KIW_HER,MIN_HER,50036,50036,이강준,P,58,"Lee, Kang Jun",20011214,180,80,Right,Right,O,,team change
키움,KIW_HER,MIN_HER,52397,52397,이명종,P,97,"Lee, Myung Jong",20021205,180,84,Right,Right,X,,
키움,KIW_HER,MIN_HER,67363,67363,이병규,OF,9,"Lee, Byung Gyu",19941005,175,73,Right,Left,X,,
키움,KIW_HER,MIN_HER,52301,52301,이세호,IF,91,"Lee, Se Ho",19990227,176,77,Right,Right,X,,
키움,KIW_HER,MIN_HER,53302,53302,이승원,IF,2,"Lee, Seung Won",20040702,185,75,Right,Right,O,X,
키움,KIW_HER,MIN_HER,67603,67603,이승호,P,47,"Lee, Seung Ho",19990208,187,95,Left,Left,X,,
키움,KIW_HER,MIN_HER,64051,64051,이영준,P,64,"Lee, Young Jun",19911010,184,96,Left,Left,X,,
키움,KIW_HER,MIN_HER,74163,74163,이용규,OF,15,"Lee, Yong Kyu",19850826,170,74,Left,Left,X,,
키움,KIW_HER,MIN_HER,51307,51307,이재홍,IF,4,"Lee, Jae Hong",19981217,171,70,Right,Right,X,,
키움,KIW_HER,MIN_HER,67341,67341,이정후,OF,51,"Lee, Jung Hoo",19980820,185,86,Right,Left,X,,
키움,KIW_HER,MIN_HER,50354,50354,이종민,P,54,"Lee, Jong Min",20010604,185,96,Left,Left,X,,
키움,KIW_HER,MIN_HER,51302,51302,이주형,IF,102,"Lee, Ju Hyeong",20020705,183,105,Left,Left,X,,
키움,KIW_HER,MIN_HER,79456,79456,이지영,C,56,"Lee, Ji Young",19860227,177,88,Right,Right,X,,
키움,KIW_HER,MIN_HER,78135,78135,이형종,OF,36,"Lee, Hyung Jong",19890607,183,87,Right,Right,O,,team change
키움,KIW_HER,MIN_HER,53306,53306,이호열,IF,6,"Lee, Ho Yeol",20041117,179,80,Right,Right,O,X,
키움,KIW_HER,MIN_HER,64346,64346,임병욱,OF,35,"Lim, Byeong Wuk",19950930,185,94,Right,Left,X,,
키움,KIW_HER,MIN_HER,64340,64340,임지열,IF,29,"Im, Ji Yeol",19950822,180,94,Right,Right,X,,
키움,KIW_HER,MIN_HER,78352,78352,임창민,P,45,"Lim, Chang Min",19850825,183,94,Right,Right,O,,team change
키움,KIW_HER,MIN_HER,51359,51359,장재영,P,61,"Jang, Jae Young",20020510,188,83,Right,Right,X,,
키움,KIW_HER,MIN_HER,65586,65586,전병우,IF,13,"Jeon, Byeong Woo",19921024,182,93,Right,Right,X,,
키움,KIW_HER,MIN_HER,51306,51306,정연제,P,62,"Jeong, Yeon Je",19980814,186,102,Right,Left,X,,
키움,KIW_HER,MIN_HER,69305,69305,정현민,IF,100,"Jeong, Hyun Min",19990914,175,83,Right,Right,O,X,
키움,KIW_HER,MIN_HER,69332,69332,주성원,OF,25,"Ju, Seong Won",20000830,180,95,Right,Right,X,,
키움,KIW_HER,MIN_HER,52396,52396,주승빈,P,96,"Joo, Seung Bin",20040306,182,84,Left,Left,X,,
키움,KIW_HER,MIN_HER,52330,52330,주승우,P,30,"Joo, Seung Woo",20000130,185,82,Right,Right,X,,
키움,KIW_HER,MIN_HER,65320,65320,최원태,P,20,"Choi, Won Tae",19970107,184,104,Right,Right,X,,
키움,KIW_HER,MIN_HER,64350,64350,하영민,P,50,"Ha, Yeong Min",19950507,180,74,Right,Right,X,,
키움,KIW_HER,MIN_HER,62655,62655,홍성민,P,67,"Hong, Sung Min",19890715,191,87,Right,Switch,O,,team change
키움,KIW_HER,MIN_HER,53375,642558,후라도,P,75,"Jurado, Ariel",19960130,188,109,Right,Right,O,X,
한화,HAN_EAG,MIN_HAN,50705,50705,강재민,P,55,"Kang, Jae Min",19970403,180,89,Right,Right,X,,
한화,HAN_EAG,MIN_HAN,53710,53710,고영재,OF,110,"Ko, Young Jae",20000118,178,75,Right,Right,O,X,
한화,HAN_EAG,MIN_HAN,52769,666247,권광민,OF,56,"Kwon, Gwang Min",19971212,189,102,Left,Left,X,,
한화,HAN_EAG,MIN_HAN,69702,69702,김건,IF,97,"Kim, Gun",20000223,183,79,Right,Right,X,,
한화,HAN_EAG,MIN_HAN,52703,52703,김겸재,P,3,"Kim, Kyum Jae",19981210,187,88,Right,Right,X,,
한화,HAN_EAG,MIN_HAN,53701,53701,김관우,P,101,"Kim, Gwan Woo",20030907,182,97,Right,Right,O,X,
한화,HAN_EAG,MIN_HAN,51713,51713,김규연,P,60,"Kim, Kyu Yeon",20020823,183,91,Right,Right,X,,
한화,HAN_EAG,MIN_HAN,51715,51715,김기중,P,15,"Kim, Ki Joong",20021116,186,96,Left,Left,X,,
한화,HAN_EAG,MIN_HAN,68707,68707,김민기,IF,2,"Kim, Min Gi",19990612,175,80,Right,Right,X,,
한화,HAN_EAG,MIN_HAN,65764,65764,김민우,P,53,"Kim, Min Woo",19950725,186,123,Right,Right,X,,
한화,HAN_EAG,MIN_HAN,65769,65769,김범수,P,47,"Kim, Beom Su",19951003,181,92,Left,Left,X,,
한화,HAN_EAG,MIN_HAN,50710,50710,김범준,P,68,"Kim, Beom Jun",20000930,175,79,Right,Right,X,,
한화,HAN_EAG,MIN_HAN,53754,53754,김서현,P,54,"Kim, Seo Hyeon",20040531,188,86,Right,Right,O,X,
한화,HAN_EAG,MIN_HAN,53713,53713,김석훈,C,113,"Kim, Seok Hoon",20001230,175,107,Right,Right,O,X,
한화,HAN_EAG,MIN_HAN,53708,53708,김예준,IF,108,"Kim, Ye Jun",20041028,182,78,Right,Left,O,X,
한화,HAN_EAG,MIN_HAN,66715,66715,김인환,IF,37,"Kim, In Hwan",19940128,186,100,Right,Left,X,,
한화,HAN_EAG,MIN_HAN,66741,66741,김재영,P,19,"Kim, Jae Young",19930722,187,88,Right,Right,X,,
한화,HAN_EAG,MIN_HAN,63765,63765,김종수,P,38,"Kim, Jong Soo",19940603,180,88,Right,Right,X,,
한화,HAN_EAG,MIN_HAN,66704,66704,김태연,IF,25,"Kim, Tae Yean",19970610,178,96,Right,Right,X,,
한화,HAN_EAG,MIN_HAN,53702,53702,김해찬,OF,102,"Kim, Hae Chan",20040525,178,91,Right,Right,O,X,
한화,HAN_EAG,MIN_HAN,69518,69518,김현우,C,62,"Kim, Hyun Woo",20000407,176,89,Right,Right,X,,
한화,HAN_EAG,MIN_HAN,50720,50720,남지민,P,11,"Nam, Ji Min",20010212,181,100,Right,Right,X,,
한화,HAN_EAG,MIN_HAN,52717,52717,노석진,IF,5,"No, Seok Jin",20030131,187,89,Right,Left,X,,
한화,HAN_EAG,MIN_HAN,63704,63704,노수광,OF,17,"Ro, Soo Kwang",19900806,180,77,Right,Left,X,,
한화,HAN_EAG,MIN_HAN,69737,69737,노시환,IF,8,"Roh, Si Hwan",20001203,185,105,Right,Right,X,,
한화,HAN_EAG,MIN_HAN,63103,63103,류원석,P,61,"Yoo, Won Suk",19891118,186,89,Right,Right,O,,team change
한화,HAN_EAG,MIN_HAN,64029,64029,류희운,P,18,"Ryu, Hee Woon",19950619,191,129,Right,Right,X,,
한화,HAN_EAG,MIN_HAN,52701,52701,문동주,P,1,"Moon, Dong Joo",20031223,188,97,Right,Right,X,,
한화,HAN_EAG,MIN_HAN,53764,53764,문현빈,IF,64,"Moon, Hyun Bin",20040420,174,82,Right,Left,O,X,
한화,HAN_EAG,MIN_HAN,52711,52711,민승기,P,1,"Min, Seung Ki",20010706,181,89,Right,Right,X,,
한화,HAN_EAG,MIN_HAN,66707,66707,박상언,C,42,"Park, Sang Un",19970303,185,90,Right,Right,X,,
한화,HAN_EAG,MIN_HAN,67703,67703,박상원,P,58,"Park, Sang Won",19940909,187,98,Right,Right,X,,
한화,HAN_EAG,MIN_HAN,69762,69762,박윤철,P,31,"Park, Yoon Chul",19960323,186,92,Right,Right,X,,
한화,HAN_EAG,MIN_HAN,53706,53706,박재규,P,106,"Park, Jae Kyu",20030703,181,83,Right,Right,O,X,
한화,HAN_EAG,MIN_HAN,50709,50709,박정현,IF,9,"Park, Jung Hyun",20010727,183,80,Right,Right,X,,
한화,HAN_EAG,MIN_HAN,52731,52731,박준영,P,29,"Park, Jun Young",20030302,190,103,Right,Right,X,,
한화,HAN_EAG,MIN_HAN,53711,53711,성지훈,P,111,"Sung, Ji Hoon",20000129,181,68,Left,Left,O,X,
한화,HAN_EAG,MIN_HAN,53704,53704,송성훈,P,104,"Song, Sung Hoon",20040624,185,84,Right,Right,O,X,
한화,HAN_EAG,MIN_HAN,61156,61156,송윤준,P,10,"Song, Yun Jun",19920716,186,85,Left,Left,X,,
한화,HAN_EAG,MIN_HAN,53734,572143,스미스,P,34,"Smith, Burch",19900412,193,102,Right,Right,O,X,
한화,HAN_EAG,MIN_HAN,50758,50758,신지후,P,40,"Shin, Jee Hoo",20010612,198,112,Right,Right,X,,
한화,HAN_EAG,MIN_HAN,52702,52702,양경모,P,2,"Yang, Kyung Mo",20030324,184,95,Right,Right,X,,
한화,HAN_EAG,MIN_HAN,53712,657434,오그레디,OF,12,"O'Grady, Brian",19920517,188,97,Right,Left,O,X,
한화,HAN_EAG,MIN_HAN,78756,78756,오선진,IF,6,"Oh, Sun Jin",19890707,178,80,Right,Right,O,,team change
한화,HAN_EAG,MIN_HAN,51202,51202,오세훈,P,93,"Oh, Se Hoon",19990928,181,82,Left,Left,X,,
한화,HAN_EAG,MIN_HAN,67760,67760,원혁재,OF,24,"Won, Hyuk Jae",19950129,177,82,Left,Left,X,,
한화,HAN_EAG,MIN_HAN,69766,69766,유로결,OF,33,"Yoo, Ro Kyeul",20000530,186,83,Right,Right,X,,
한화,HAN_EAG,MIN_HAN,52705,52705,유상빈,OF,65,"Yoo, Sang Bin",20000509,181,81,Left,Left,X,,
한화,HAN_EAG,MIN_HAN,63464,63464,윤대경,P,5,"Yun, Dae Kyung",19940409,179,81,Right,Right,X,,
한화,HAN_EAG,MIN_HAN,69213,69213,윤산흠,P,32,"Yun, San Heum",19990515,178,74,Right,Right,X,,
한화,HAN_EAG,MIN_HAN,65703,65703,이도윤,IF,7,"Lee, Do Yun",19961007,175,79,Right,Left,X,,
한화,HAN_EAG,MIN_HAN,76849,76849,이명기,OF,14,"Lee, Myung Ki",19871226,183,87,Left,Left,O,,team change
한화,HAN_EAG,MIN_HAN,65616,65616,이민우,P,27,"Lee, Min Woo",19930209,185,104,Right,Right,X,,
한화,HAN_EAG,MIN_HAN,53795,53795,이민준,IF,95,"Lee, Min Jun",20040202,185,74,Right,Right,O,X,
한화,HAN_EAG,MIN_HAN,52704,52704,이상혁,IF,4,"Lee, Sang Hyuk",20010914,174,65,Right,Left,X,,
한화,HAN_EAG,MIN_HAN,53709,53709,이석제,P,109,"Lee, Seok Je",20000317,183,96,Left,Left,O,X,
한화,HAN_EAG,MIN_HAN,64266,64266,이성곤,IF,44,"Lee, Sung Kon",19920325,186,104,Right,Left,X,,
한화,HAN_EAG,MIN_HAN,68706,68706,이성원,C,98,"Lee, Sung Won",19991102,185,115,Right,Right,X,,
한화,HAN_EAG,MIN_HAN,68797,68797,이승관,P,4,"Lee, Seong Gwan",19991201,182,92,Left,Left,X,,
한화,HAN_EAG,MIN_HAN,68700,68700,이원석,OF,50,"Lee, Won Seok",19990331,177,69,Right,Right,X,,
한화,HAN_EAG,MIN_HAN,52715,52715,이재민,P,39,"Lee, Jae Min",19991227,188,74,Right,Right,X,,
한화,HAN_EAG,MIN_HAN,67993,67993,이재용,C,96,"Lee, Jae Yong",19990228,182,86,Right,Right,O,,team change
한화,HAN_EAG,MIN_HAN,53715,53715,이정재,OF,112,"Lee, Jung Jae",19990329,178,102,Right,Right,O,X,
한화,HAN_EAG,MIN_HAN,66657,66657,이진영,OF,45,"Lee, Jin Young",19970721,183,89,Right,Right,X,,
한화,HAN_EAG,MIN_HAN,63749,63749,이충호,P,49,"Lee, Chung Ho",19940920,182,82,Left,Left,X,,
한화,HAN_EAG,MIN_HAN,60768,60768,이태양,P,46,"Lee, Tae Yang",19900703,192,97,Right,Left,O,,team change
한화,HAN_EAG,MIN_HAN,79764,79764,장민재,P,36,"Jang, Min Je",19900319,184,106,Right,Right,X,,
한화,HAN_EAG,MIN_HAN,77318,77318,장시환,P,28,"Jang, Si Hwan",19871101,184,97,Right,Right,X,,
한화,HAN_EAG,MIN_HAN,63700,63700,장운호,OF,30,"Jang, Woon Ho",19940220,183,90,Right,Right,X,,
한화,HAN_EAG,MIN_HAN,69645,69645,장지수,P,69,"Jang, Ji Su",20000525,179,80,Right,Right,O,,team change
한화,HAN_EAG,MIN_HAN,51706,51706,장지승,OF,63,"Jang, Jee Seung",19980704,185,94,Right,Right,X,,
한화,HAN_EAG,MIN_HAN,66706,66706,장진혁,OF,51,"Jang, Jin Hyuk",19930930,184,90,Right,Left,X,,
한화,HAN_EAG,MIN_HAN,51764,51764,정민규,IF,41,"Jeong, Min Kyu",20030110,183,101,Right,Right,X,,
한화,HAN_EAG,MIN_HAN,74857,74857,정우람,P,57,"Jung, Woo Ram",19850601,181,83,Left,Left,X,,
한화,HAN_EAG,MIN_HAN,68743,68743,정은원,IF,43,"Jung, Eun Won",20000117,177,84,Right,Left,X,,
한화,HAN_EAG,MIN_HAN,69767,69767,정이황,P,67,"Jung, Yi Hwang",20000307,190,89,Right,Right,X,,
한화,HAN_EAG,MIN_HAN,65707,65707,주현상,P,66,"Joo, Hyun Sang",19920810,177,92,Right,Right,X,,
한화,HAN_EAG,MIN_HAN,79192,79192,채은성,OF,22,"Chae, Eun Seong",19900206,186,92,Right,Right,O,,team change
한화,HAN_EAG,MIN_HAN,53707,53707,천보웅,P,107,"Cheon, Bo Woong",20000403,185,70,Left,Left,O,X,
한화,HAN_EAG,MIN_HAN,53705,53705,최원준,IF,105,"Choi, Won Jun",20040501,188,84,Right,Left,O,X,
한화,HAN_EAG,MIN_HAN,78288,78288,최재훈,C,13,"Choi, Jae Hoon",19890827,178,94,Right,Right,X,,
한화,HAN_EAG,MIN_HAN,52720,570240,페냐,P,20,"Pena, Felix",19900225,188,99,Right,Right,X,,
한화,HAN_EAG,MIN_HAN,62700,62700,하주석,IF,16,"Ha, Ju Suk",19940225,185,92,Right,Left,X,,
한화,HAN_EAG,MIN_HAN,52710,52710,한경빈,IF,94,"Han, Kyeong Bin",19981211,178,69,Right,Left,X,,
한화,HAN_EAG,MIN_HAN,53703,53703,한서구,P,103,"Han, Seo Gu",20031204,191,98,Left,Left,O,X,
한화,HAN_EAG,MIN_HAN,50726,50726,한승주,P,59,"Han, Seung Ju",20010317,184,83,Right,Right,X,,
한화,HAN_EAG,MIN_HAN,61666,61666,한승혁,P,26,"Han, Seung Hyuk",19930103,185,100,Right,Left,O,,team change
한화,HAN_EAG,MIN_HAN,69706,69706,허관회,C,48,"Heo, Gwan Hoe",19990212,176,93,Right,Right,X,,
